Number,Variable / Field Name,Form Name,Section Header,Field Type,Field Label,"Choices, Calculations, OR Slider Labels",Field Note,Text Validation Type OR Show Slider Number,Text Validation Min,Text Validation Max,Identifier?,Branching Logic (Show field only if...),Required Field?,Custom Alignment,Question Number (surveys only),Matrix Group Name,Matrix Ranking?,Field Annotation
1,record_id,id,,text,Record ID,,,,,,,,,,,,,
2,id_complete,id,,,Complete?,,,,,,,,,,,,,
3,filler,paper,,text,Form filled out by,,,,,,,,,,,,,
4,title,paper,,text,Paper title,,,,,,,,,,,,,
5,publication_year,paper,,text,Publication year,,,,,,,,,,,,,
6,author_industry,paper,,yesno,"Authors affiliation, at least one industry",,,,,,,,,,,,,
7,authors_cro,paper,,yesno,"Authors affiliation, at least one CRO*",,* Contract Research Organization,,,,,,,,,,,
8,country_first_author,paper,,text,Country of first author,,,,,,,,,,,,,
9,country_last_author,paper,,text,Country of last author,,,,,,,,,,,,,
10,competing_interest,paper,,yesno,Competing interest with the pharmaceutical industry,,,,,,,,,,,,,
11,publication_title,paper,,text,Journal,,,,,,,,,,,,,
12,issn,paper,,text,Journal ISSN,,,,,,,,,,,,,
13,promoter,paper,,text,Promoter / sponsor of the source study for the experimental arm*,,"* if not reported, write NR",,,,,,,,,,,
14,funding,paper,,checkbox,Source of funding,"1, Public | 2, Private | 3, No funding | 4, Not reported",,,,,,,,,,,,
15,doi,paper,,text,Paper DOI,,,,,,,,,,,,,
16,notes_study,paper,,notes,Notes,,,,,,,,,,,,,
17,paper_complete,paper,,,Complete?,,,,,,,,,,,,,
18,og_study,experimental_arm,"Indirect compaison, experimental arm source",radio,Is the experimental arm of the indirect comparison based on a previously published clinical trial,"1, Yes | 2, No",,,,,,,,,,,,
19,exp_arm_constr,experimental_arm,"Experimental arm selection


<b><font color = ""red""><h5> /!\ FOR THE FOLLOWING SECTIONS: IF THE EXPERIMENTAL ARM OF THE INDIRECT COMPARISON COMES FROM A PREVIOUSLY PUBLISHED STUDY THAT STUDY IS THE SOURCE STUDY. IF NOT THE INDIRECT COMPARISON ITSELF IS THE SOURCE STUDY /!\ <b></font>",radio,Construction of experimental arm,"1, Whole arm | 2, Concatenation of multiple arms | 3, Arm subset | 4, Not reported | 5, Other",,,,,,[og_study] = '1',,,,,,
20,exp_arm_constr_other,experimental_arm,,text,"If other, specify",,,,,,,[exp_arm_constr] = '5',,,,,,
21,exp_arm_select,experimental_arm,,checkbox,"If the experimental arm of the indirect comparison is a subset / concatenation of arm(s), patient selection criteria","1, Regional subgroup | 2, Age subgroup | 3, Mutation(s) subgroup | 4, Not reported | 5, Other",,,,,,[exp_arm_constr] = '2' or [exp_arm_constr] = '3',,,,,,
22,exp_arm_select_other,experimental_arm,,text,"If other, specify",,,,,,,[exp_arm_select(5)] = '1',,,,,,
23,phase,experimental_arm,,checkbox,Phase,"1, 1 | 2, 2 | 3, 3 | 4, Not reported | 5, Other","Only  write numbers, no letters",,,,,,,,,,,
24,phase_other,experimental_arm,,text,"If other, specify",,"Only  write numbers, no letters",,,,,[phase(5)] = '1',,,,,,
25,pathology,experimental_arm,,text,Pathology,,,,,,,,,,,,,
26,population,experimental_arm,,checkbox,Population,"1, Infants | 2, Children | 3, Teenagers | 4, Adults | 5, Elderly people | 6, Not reported",,,,,,,,,,,,
27,icd10,experimental_arm,,text,ICD 10*,,"* 4 digits max, see https://icd.who.int/browse10/2019/en ",,,,,,,,,,,
28,intervention,experimental_arm,,text,Intervention,,,,,,,,,,,,,
29,atc,experimental_arm,,text,ATC code,,,,,,,,,,,,,
30,platform,experimental_arm,Source study registration,checkbox,Source study(ies) registration platform,"1, NCT | 2, EUDRACT | 3, IRCTN | 4, Study not registered | 5, Other",,,,,,,,,,,,
31,platform_other,experimental_arm,,text,"If other, specify",,,,,,,[platform(5)] = '1',,,,,,
32,platform_nct,experimental_arm,,text,"If NCT, study registration number",,"If multiple, use ""_"" (underscore) as field separator",,,,,[platform(1)] = '1',,,,,,
33,platform_eudract,experimental_arm,,text,"If EUDRACT, study registration number",,"If multiple, use ""_"" (underscore) as field separator",,,,,[platform(2)] = '1',,,,,,
34,platform_isrctn,experimental_arm,,text,"If ISRCTN, study registration number",,"If multiple, use ""_"" (underscore) as field separator",,,,,[platform(3)] = '1',,,,,,
35,platform_nb_other,experimental_arm,,text,"If other, study registration number",,"If multiple, use ""_"" (underscore) as field separator",,,,,[platform(5)] = '1',,,,,,
36,og_center_number,experimental_arm,Source study design,text,Number of centers* in the source study,,"* if not reported, write NR",,,,,,,,,,,
37,og_design,experimental_arm,,radio,Design of the source study,"1, Single-arm | 2, More than one arm | 3, Not reported",,,,,,,,,,,,
38,justif_sat_def,experimental_arm,,checkbox,Justification for single-arm design of the indirect comparison,"1, Rare disease | 2, Severe disease | 3, Pediatric population | 4, Not reported | 5, Other",,,,,,[og_design] = '1',,,,,,
39,justif_sat_def_other,experimental_arm,,text,"If other, specify",,,,,,,[justif_sat_def(5)] = '1',,,,,,
40,og_design_ctrl,experimental_arm,,text,Number of control arms in the source study,,,integer,0,,,[og_design] = '2',,,,,,
41,og_design_comp,experimental_arm,,checkbox,"If the source study has more than one arm, specify the comparator","1, Placebo | 2, Active molecule | 3, Advanced therapy* | 4, Observation | 5, SOC | 6, Not reported | 7, Other","* e.g. bone marrow transplant, gene/cell/plasma therapy",,,,,[og_design] = '2',,,,,,
42,og_design_compo_other,experimental_arm,,text,"If other, specify",,,,,,,[og_design_comp(7)] = '1',,,,,,
43,og_fu_start,experimental_arm,,radio,Index date definition for the experimental arm in the source study,"1, Inclusion/admission | 2, Treatment initiation | 3, Not reported | 4, Other",,,,,,,,,,,,
44,og_fu_start_other,experimental_arm,,text,"If other, specify",,,,,,,[og_fu_start] = '4',,,,,,
45,exp_arm_date_crit,experimental_arm,,yesno,Is there a date-based selection criterion for the experimental arm,,,,,,,,,,,,,
46,notes_exp_arm,experimental_arm,,notes,Notes,,,,,,,,,,,,,
47,experimental_arm_complete,experimental_arm,,,Complete?,,,,,,,,,,,,,
48,nb_ctrl_comp_ind,control_arm,"Indirect comparison, control arm data source and type",text,Number of control arms in the indirect comparison*,,"* if not reported, write NR",,,,,,,,,,,
49,nb_rct_cmp_ind,control_arm,,text,Number of control arms deriving from RCT data in the indirect comparison*,,"* if multiple trials involved, list them in the Notes section below",integer,,,,,,,,,,
50,ctrl_source,control_arm,,radio,Data source for the control arms,"1, Unique | 2, Multiple | 3, Not reported",,,,,,,,,,,,
51,ctrl_type_source,control_arm,,checkbox,Type of data source for the control arms,"1, Register | 2, Cohort | 3, Electronic health records (EHR, databases) | 4, Electronic medical records (EMR) | 5, Claims (administrative) | 6, Not reported | 7, Other","IF MORE THAN 1 CONTROL ARM DERIVING FROM MULTIPLE SOURCES, FILL 1 FORM FOR EACH CONTROL",,,,,,,,,,,
52,ctrl_type_source_other,control_arm,,text,"If other, specify",,,,,,,[ctrl_type_source(7)] = '1',,,,,,
53,ctrl_number_centers,control_arm,,text,Number of centers* in the control arm,,"* if not reported, write NR",integer,,,,,,,,,,
54,same_center,control_arm,,radio,Same centers among both arms,"1, Yes | 2, No | 3, Not reported",,,,,,,,,,,,
55,ctrl_data_type,control_arm,,radio,Type of data analyzed,"1, Individual patient data (IPD) | 2, Aggregated data (deriving from IPD) | 3, Other",,,,,,,,,,,,
56,ctrl_data_type_other,control_arm,,text,"If other, specify",,,,,,,[ctrl_data_type] = '3',,,,,,
57,ctrl_units,control_arm,,radio,Observation units for the control arm,"1, Patients | 2, Lines of treatment",,,,,,,,,,,,
58,ctrl_arm_date_crit,control_arm,Control arm selection,yesno,Is there a date-based selection criterion for the control arm,,,,,,,,,,,,,
59,ctrl_same_select_crit,control_arm,,radio,Same selection criteria as for the experimental arm,"1, Yes | 2, Partially | 3, No | 4, Unclear | 5, Not reported",,,,,,,,,,,,
60,ctrl_select_crit,control_arm,,checkbox,"If no or partially, additional selection criteria","1, Centers | 2, Region | 3, Pathology type | 4, Age | 5, Not reported | 6, Other",,,,,,[ctrl_same_select_crit] = '3' or [ctrl_same_select_crit] = '2',,,,,,
61,ctrl_select_crit_other,control_arm,,text,"If other, specify",,,,,,,[ctrl_select_crit(6)] = '1',,,,,,
62,ctrl_fu_start_def,control_arm,,radio,Index date defined,"1, Yes | 2, Not reported | 3, Unclear",,,,,,,,,,,,
63,ctrl_exp_fu_start_eq,control_arm,,yesno,"If yes, identical to that of the experimental arm",,,,,,,[ctrl_fu_start_def] = '1',,,,,,
64,qualif_ctrl,control_arm,Real world comparator,checkbox,How do the authors label the control arm data,"1, RWD | 2, Historical | 3, Synthetic | 4, Other",* real-world data,,,,,,,,,,,
65,qualif_ctrl_other,control_arm,,text,"If other, specify",,,,,,,[qualif_ctrl(4)] = '1',,,,,,
66,justif_rwd_def,control_arm,,checkbox,Justification for RWD/external control use,"1, No relevant comparator | 2, Different standards of care | 3, Not reported | 4, Other",,,,,,,,,,,,
67,justif_rwd_def_other,control_arm,,text,"If other, specify",,,,,,,[justif_rwd_def(4)] = '1',,,,,,
68,ctrl_ttt_selection_descr,control_arm,,yesno,Control arm therapeutic strategies selection described IN METHODS PARAGRAPH,,,,,,,,,,,,,
69,notes_control,control_arm,,notes,Notes,,,,,,,,,,,,,
70,control_arm_complete,control_arm,,,Complete?,,,,,,,,,,,,,
71,estimand,statistical_methods_indirect_comparison,Estimand and endpoint,radio,Estimand,"1, ATE | 2, ATT | 3, ATC | 4, Not reported | 5, Other",,,,,,,,,,,,
72,estimand_other,statistical_methods_indirect_comparison,,text,"If other, specify",,,,,,,[estimand] = '5',,,,,,
73,endpoint_type,statistical_methods_indirect_comparison,,radio,Endpoint type,"1, Unique | 2, Multiple | 3, Not reported",,,,,,,,,,,,
74,multiplicity,statistical_methods_indirect_comparison,,yesno,"If multiple endpoints, type 1 error control* planned",,* multiplicity,,,,,[endpoint_type] = '2',,,,,,
75,def_prim_endpoint,statistical_methods_indirect_comparison,,text,Primary endpoint*,,"* if not defined, write NR",,,,,,,,,,,
76,prim_end_comp,statistical_methods_indirect_comparison,,radio,"If defined, is the primary endpoint of the indirect comparison the same as the primary endpoint of the source study","1, Yes | 2, No | 3, Primary endpoint of the source study not reported in the paper",,,,,,[og_study] = '1',,,,,,
77,endpoint_categ,statistical_methods_indirect_comparison,,checkbox,Do any of the endpoints in the indirect comparison align with the following criteria,"1, Survival criteria | 2, Quality of life criteria | 3, Tolerance / adverse events criteria | 4, None",,,,,,,,,,,,
78,nsn_justif,statistical_methods_indirect_comparison,Sample size,radio,Sample size justification,"1, Calculation | 2, Convenience sample | 3, Not reported | 4, Other",,,,,,,,,,,,
79,nsn_justif_other,statistical_methods_indirect_comparison,,text,"If other, specify",,,,,,,[nsn_justif] = '4',,,,,,
80,alpha,statistical_methods_indirect_comparison,,text,"If sample size calculation, value of type 1 error used*",,"* two-sided, if not reported write NR",,,,,[nsn_justif] = '1',,,,,,
81,power,statistical_methods_indirect_comparison,,text,"If sample size calculation, value of power used*",,"* if not reported, write NR",,,,,[nsn_justif] = '1',,,,,,
82,nsn_planned_exp,statistical_methods_indirect_comparison,,text,"If sample size calculation, planned number in the experimental arm*",,"* if not reported, write NR",,,,,[nsn_justif] = '1',,,,,,
83,nsn_planned_ctrl,statistical_methods_indirect_comparison,,text,"If sample size calculation, planned number in the control arm*",,"* if not reported, write NR",,,,,[nsn_justif] = '1',,,,,,
84,nsn_correct,statistical_methods_indirect_comparison,,yesno,"If sample size calculation, is it reproducible",,,,,,,[nsn_justif] = '1',,,,,,
85,planned_adj,statistical_methods_indirect_comparison,Adjustment,yesno,Was adjustment planned in any of the analysis reported,,,,,,,,,,,,,
86,adj_method,statistical_methods_indirect_comparison,,radio,Planned adjusting method in the primary analysis,"1, Matching | 2, Weighting | 3, MAIC | 4, STC | 5, Regression | 6, Not reported | 7, Other",,,,,,[planned_adj] = '1',,,,,,
87,adj_method_other,statistical_methods_indirect_comparison,,text,"If other, specify",,,,,,,[adj_method] = '7',,,,,,
88,n_adj_vars,statistical_methods_indirect_comparison,,text,Number of planned adjustment variables* ,,"* if not reported, write NR",,,,,[planned_adj] = '1',,,,,,
89,type_adj_vars,statistical_methods_indirect_comparison,,checkbox,Type of planned adjustment variables,"1, Prognostic | 2, Effect modifier | 3, Not reported | 4, Other",,,,,,[planned_adj] = '1',,,,,,
90,type_adj_vars_other,statistical_methods_indirect_comparison,,text,"If other, specify",,,,,,,[type_adj_vars(4)] = '1',,,,,,
91,justif_adj_vars,statistical_methods_indirect_comparison,,checkbox,Rationale for planned adjustment variables,"1, Expert knowledge | 2, Literature review | 3, Not reported | 4, Other",,,,,,[planned_adj] = '1',,,,,,
92,justif_adj_other,statistical_methods_indirect_comparison,,text,"If other, specify",,,,,,,[justif_adj_vars(4)] = '1',,,,,,
93,adj_vars_add_justif,statistical_methods_indirect_comparison,,checkbox,Additional conditions for including adjustment variables,"1, Limited proportion of missing data | 2, No additional conditions | 3, Other",,,,,,[planned_adj] = '1',,,,,,
94,adj_vars_add_justif_other,statistical_methods_indirect_comparison,,text,"If other, specify",,,,,,,[adj_vars_add_justif(3)] = '1',,,,,,
95,matching_ratio,statistical_methods_indirect_comparison,,text,"If matching, matching ratio (experimental:control)* ",,"* if not reported, write NR",,,,,[adj_method] = '1',,,,,,
96,matching_method,statistical_methods_indirect_comparison,,radio,"If matching, method","1, Exact matching | 2, Distance matching | 3, Propensity score matching | 4, Variable matching | 5, Not reported | 6, Other",,,,,,[adj_method] = '1',,,,,,
97,matching_meth_other,statistical_methods_indirect_comparison,,text,"If other, specify",,,,,,,[matching_method] = '6',,,,,,
98,matching_algo,statistical_methods_indirect_comparison,,checkbox,"If matching, algorithm","1, Nearest neighbor | 2, Greedy | 3, Optimal | 4, Not reported | 5, Other",,,,,,[adj_method] = '1',,,,,,
99,matching_algo_other,statistical_methods_indirect_comparison,,text,"If other, specify",,,,,,,[matching_algo(5)] = '1',,,,,,
100,caliper_length,statistical_methods_indirect_comparison,,text,"If matching, caliper length*",,"* if not reported, write NR",,,,,[adj_method] = '1',,,,,,
101,match_replacement,statistical_methods_indirect_comparison,,radio,"If matching, matching with replacement","1, Yes | 2, No | 3, Not reported",,,,,,[adj_method] = '1',,,,,,
102,weight_type,statistical_methods_indirect_comparison,,radio,"If weighting, weight type","1, IPTW | 2, SMRW | 3, Overlap weights | 4, Not reported | 5, Other",,,,,,[adj_method] = '2',,,,,,
103,weight_type_other,statistical_methods_indirect_comparison,,text,"If other, specify",,,,,,,[weight_type] = '5',,,,,,
104,iptw_stab,statistical_methods_indirect_comparison,,yesno,"If IPTW, are the weights stabilized",,,,,,,[weight_type] = '1',,,,,,
105,balance_plan_meth,statistical_methods_indirect_comparison,,checkbox,How is the assessment of balance achievement planned,"1, Table | 2, Per variable SMD | 3, Global metric (AUC, c-index) | 4, Graphical method | 5, p-value | 6, Not reported | 7, Other",,,,,,[planned_adj] = '1',,,,,,
106,balance_plan_meth_other,statistical_methods_indirect_comparison,,text,"If other, specify",,,,,,,[balance_plan_meth(7)] = '1',,,,,,
107,smd_thresh,statistical_methods_indirect_comparison,,text,"If SMD, threshold used*",,"* if not reported, write NR",,,,,[balance_plan_meth(2)] = '1',,,,,,
108,overlap_plan_meth,statistical_methods_indirect_comparison,,checkbox,How is the assessment of overlap achievement planned,"1, Global metric (OVL) | 2, Graphical method (histogram, densities) | 3, Not reported | 4, Other",,,,,,[planned_adj] = '1',,,,,,
109,overlap_plan_meth_other,statistical_methods_indirect_comparison,,text,"If other, specify",,,,,,,[overlap_plan_meth(4)] = '1',,,,,,
110,sens_analysis_type,statistical_methods_indirect_comparison,Sensitivity analysis,checkbox,Sensitivity analysis planned,"1, Other adjustment method | 2, Adjustment variable added | 3, Adjustment variable removed | 4, Other analysis model | 5, Other estimand | 6, Not reported | 7, Other",,,,,,,,,,,,
111,sens_analysis_type_other,statistical_methods_indirect_comparison,,text,"If other, specify",,,,,,,[sens_analysis_type(7)] = '1',,,,,,
112,notes_stat,statistical_methods_indirect_comparison,,notes,Notes,,,,,,,,,,,,,
113,statistical_methods_indirect_comparison_complete,statistical_methods_indirect_comparison,,,Complete?,,,,,,,,,,,,,
114,rwd_descr,results,General results,yesno,Description of the therapeutic strategy(ies) included in the control arm (RESULTS PARAGRAPH),,,,,,,,,,,,,
115,rwd_strategies,results,,radio,Several therapeutic strategies included in the control arm,"1, Yes | 2, No | 3, Not reported",,,,,,[rwd_descr] = '1',,,,,,
116,exp_first_enroll,results,,text,Year of first enrollment for experimental arm*,,"* if not reported, write NR",,,,,,,,,,,
117,exp_last_enroll,results,,text,Year of last enrollment for experimental arm* ,,"* if not reported, write NR",,,,,,,,,,,
118,ctrl_first_enroll,results,,text,Year of first enrollment for control arm*,,"* if not reported, write NR",,,,,,,,,,,
119,ctrl_last_enroll,results,,text,Year of last enrollment for control arm*,,"* if not reported, write NR",,,,,,,,,,,
120,med_fu_global,results,,text,Global median follow-up time*,,"* if not reported, write NR",,,,,,,,,,,
121,med_fu_exp,results,,text,Median follow-up time in the experimental arm*,,"* if not reported, write NR",,,,,,,,,,,
122,med_fu_control,results,,text,Median follow-up time in the control arm*,,"* if not reported, write NR",,,,,,,,,,,
123,res_consistency,results,,yesno,Are the results consistent with the planned methods*,,"* if not, explain in notes section at the bottom",,,,,,,,,,,
124,multiplicity_res,results,,yesno,"If type 1 error control planned, is it implemented correctly",,,,,,,[multiplicity] = '1',,,,,,
125,n_included_exp,results,Baseline population,text,Number of patients included in the experimental arm*,,"* if not reported, write NR",,,,,,,,,,,
126,n_included_control,results,,text,Number of patients/LOT* included in the control arm,,"* if not reported, write NR, lines of treatment",,,,,,,,,,,
127,baseline_comp_meth,results,,checkbox,Between arm comparison at baseline,"1, Table | 2, Per variable SMD* | 3, Global metric (AUC, c-index, OVL) | 4, Graphical method | 5, p-value | 6, No comparison | 7, Other",* Standardized Mean Difference,,,,,,,,,,,
128,baseline_comp_meth_other,results,,text,"If other, specify",,,,,,,[baseline_comp_meth(7)] = '1',,,,,,
129,n_naive_exp,results,"Original population, naive analysis",text,Number of analyzed patients in the experimental arm*,,"* if not reported, write NR",,,,,[planned_adj] = '0' or [adj_method] = '5',,,,,,
130,n_naive_ctrl,results,,text,Number of analyzed patients/LOT in the control arm*,,"* if not reported, write NR",,,,,[planned_adj] = '0' or [adj_method] = '5',,,,,,
131,res_unadjusted,results,,radio,Results significance in the unadjusted sample,"1, All endpoints significant | 2, Some endpoints significant | 3, No endpoint significant | 4, No results available for the unadjusted sample",,,,,,[planned_adj] = '1',,,,,,
132,n_match_exp,results,Pseudo population,text,Number of analyzed patients in the experimental arm after matching*,,"* if not reported, write NR",,,,,[adj_method] = '1',,,,,,
133,n_match_ctrl,results,,text,Number of analyzed patients in the control arm after matching*,,"* if not reported, write NR",,,,,[adj_method] = '1',,,,,,
134,n_weight_exp,results,,text,Sum of weights in the experimental arm*,,"* if not reported, write NR",,,,,[adj_method] = '3' or [weight_type] = '1' or [weight_type] = '3' or [adj_method] = '2',,,,,,
135,n_weight_ctrl,results,,text,Sum of weights in the control arm*,,"* if not reported, write NR",,,,,[weight_type] = '1' or [weight_type] = '3' or [weight_type] = '2' or [adj_method] = '2',,,,,,
136,number_eff_adj,results,Adjustment,text,Number of effective adjustment variables reported,,"* if not reported, write NR",,,,,[planned_adj] = '1',,,,,,
137,adj_var_exclu_causes,results,,checkbox,Cause for exclusion of adjustment variables (reported vs planned),"1, Unmeasured | 2, Missing data | 3, Covariate imbalance | 4, No exclusion | 5, Not reported | 6, Other",,,,,,[planned_adj] = '1',,,,,,
138,adj_var_exclu_other,results,,text,"If other, specify",,,,,,,[adj_var_exclu_causes(6)] = '1',,,,,,
139,weight_outliers_meth,results,,radio,"If weighting, outliers handling","1, Trimming | 2, Exclusion | 3, No action taken | 4, No outliers reported | 5, Other",,,,,,[adj_method] = '2',,,,,,
140,weight_out_check_meth,results,,text,"If other, specify",,,,,,,[weight_outliers_meth] = '5',,,,,,
141,balance_check,results,,radio,Balance achieved in the pseudo-population according to authors,"1, Yes | 2, No | 3, Not reported",,,,,,[planned_adj] = '1',,,,,,
142,balance_proof,results,,yesno,"If yes, proof provided",,,,,,,[balance_check] = '1',,,,,,
143,overlap_check,results,,radio,Overlap achieved in the pseudo-population according to authors,"1, Yes | 2, No | 3, Not reported",,,,,,[planned_adj] = '1',,,,,,
144,overlap_proof,results,,yesno,"If yes, proof provided",,,,,,,[overlap_check] = '1',,,,,,
145,balance_meth_where,results,,checkbox,Post-adjustment balance and/or overlap checking methods provided in,"1, Main manuscript | 2, Appendix | 3, Not provided",,,,,,[planned_adj] = '1',,,,,,
146,res_diff_how,results,,radio,"If any post-adjustment SMD is greater than 0.1, how is it accounted for","1, Exclusion of the variable(s) of interest | 2, Adjusting the analysis model for the variable(s) of interest | 3, No action taken | 4, No post-adjustment SMD greater than 0.1 | 5, Other",,,,,,[planned_adj] = '1' and [balance_plan_meth(2)] = '1',,,,,,
147,res_diff_how_other,results,,text,"If other, specify",,,,,,,[res_diff_how] = '5',,,,,,
148,res_diff_adjust,results,,radio,If adjusting in the analysis model,"1, Adjustment for all unbalanced variables | 2, Adjustment for some unbalanced variables only",,,,,,[res_diff_how] = '2',,,,,,
149,res_pseudo_pop,results,Estimation of the intervention effect,yesno,Are the results based on the pseudo population*,,* post adjustment,,,,,[planned_adj] = '1',,,,,,
150,res_sign_eval,results,,radio,Results significance according to the evaluator*,"1, Yes | 2, No | 3, Unclear",* at least one outcome is significative,,,,,,,,,,,
151,res_sign_eval_prim,results,,radio,"If yes, does it concern the primary endpoint (if identified)","1, Yes | 2, No | 3, Not reported",,,,,,[res_sign_eval] = '1',,,,,,
152,res_sign_eval_mult,results,,radio,"If yes, does it concern the secondary endpoint(s) (if multiple endpoints identified)","1, Yes for all of the secondary endpoints | 2, Yes for some of the secondary endpoints | 3, No | 4, Not reported",,,,,,[endpoint_type] = '2' and [res_sign_eval] = '1',,,,,,
153,sign_results,results,,radio,Results significance according to the authors*,"1, Yes | 2, No | 3, Unclear",* at least one outcome is significative,,,,,,,,,,,
154,sign_primary_endp,results,,radio,"If yes, does it concern the primary endpoint (if identified)","1, Yes | 2, No | 3, Not reported",,,,,,[sign_results] = '1',,,,,,
155,sign_multiple_endp,results,,radio,"If yes, does it concern the secondary endpoint(s) (if multiple endpoints identified)","1, Yes for all of the secondary endpoints | 2, Yes for some of the secondary endpoints | 3, No | 4, Not reported",,,,,,[endpoint_type] = '2' and [sign_results] = '1',,,,,,
156,sens_analyses_sign,results,,radio,"If results significance, is it confirmed by sensitivity analysis(es) on the same endpoint(s) according to the evaluator","1, Yes for all endpoints | 2, Yes for some endpoints AND No for other endpoints | 3, Yes for certain endpoints (those tested in the sensitivity analyses) | 4, No | 5, Not reported",,,,,,[res_sign_eval] = '1' and [sens_analysis_type(6)] != '1',,,,,,
157,bias_discussion,results,,yesno,Do the authors discuss any source of bias in interpreting their results*,,"* if yes, develop in notes section below",,,,,,,,,,,
158,notes_results,results,,notes,Notes,,,,,,,,,,,,,
159,results_complete,results,,,Complete?,,,,,,,,,,,,,
