record_id,redcap_repeat_instrument,redcap_repeat_instance,id_complete,filler,title,publication_year,author_industry,authors_cro,country_first_author,country_last_author,competing_interest,publication_title,issn,promoter,funding___1,funding___2,funding___3,funding___4,doi,notes_study,paper_complete,og_study,exp_arm_constr,exp_arm_constr_other,exp_arm_select___1,exp_arm_select___2,exp_arm_select___3,exp_arm_select___4,exp_arm_select___5,exp_arm_select_other,phase___1,phase___2,phase___3,phase___4,phase___5,phase_other,pathology,population___1,population___2,population___3,population___4,population___5,population___6,icd10,intervention,atc,platform___1,platform___2,platform___3,platform___4,platform___5,platform_other,platform_nct,platform_eudract,platform_isrctn,platform_nb_other,og_center_number,og_design,justif_sat_def___1,justif_sat_def___2,justif_sat_def___3,justif_sat_def___4,justif_sat_def___5,justif_sat_def_other,og_design_ctrl,og_design_comp___1,og_design_comp___2,og_design_comp___3,og_design_comp___4,og_design_comp___5,og_design_comp___6,og_design_comp___7,og_design_compo_other,og_fu_start,og_fu_start_other,exp_arm_date_crit,notes_exp_arm,experimental_arm_complete,nb_ctrl_comp_ind,nb_rct_cmp_ind,ctrl_source,ctrl_type_source___1,ctrl_type_source___2,ctrl_type_source___3,ctrl_type_source___4,ctrl_type_source___5,ctrl_type_source___6,ctrl_type_source___7,ctrl_type_source_other,ctrl_number_centers,same_center,ctrl_data_type,ctrl_data_type_other,ctrl_units,ctrl_arm_date_crit,ctrl_same_select_crit,ctrl_select_crit___1,ctrl_select_crit___2,ctrl_select_crit___3,ctrl_select_crit___4,ctrl_select_crit___5,ctrl_select_crit___6,ctrl_select_crit_other,ctrl_fu_start_def,ctrl_exp_fu_start_eq,qualif_ctrl___1,qualif_ctrl___2,qualif_ctrl___3,qualif_ctrl___4,qualif_ctrl_other,justif_rwd_def___1,justif_rwd_def___2,justif_rwd_def___3,justif_rwd_def___4,justif_rwd_def_other,ctrl_ttt_selection_descr,notes_control,control_arm_complete,estimand,estimand_other,endpoint_type,multiplicity,def_prim_endpoint,prim_end_comp,endpoint_categ___1,endpoint_categ___2,endpoint_categ___3,endpoint_categ___4,nsn_justif,nsn_justif_other,alpha,power,nsn_planned_exp,nsn_planned_ctrl,nsn_correct,planned_adj,adj_method,adj_method_other,n_adj_vars,type_adj_vars___1,type_adj_vars___2,type_adj_vars___3,type_adj_vars___4,type_adj_vars_other,justif_adj_vars___1,justif_adj_vars___2,justif_adj_vars___3,justif_adj_vars___4,justif_adj_other,adj_vars_add_justif___1,adj_vars_add_justif___2,adj_vars_add_justif___3,adj_vars_add_justif_other,matching_ratio,matching_method,matching_meth_other,matching_algo___1,matching_algo___2,matching_algo___3,matching_algo___4,matching_algo___5,matching_algo_other,caliper_length,match_replacement,weight_type,weight_type_other,iptw_stab,balance_plan_meth___1,balance_plan_meth___2,balance_plan_meth___3,balance_plan_meth___4,balance_plan_meth___5,balance_plan_meth___6,balance_plan_meth___7,balance_plan_meth_other,smd_thresh,overlap_plan_meth___1,overlap_plan_meth___2,overlap_plan_meth___3,overlap_plan_meth___4,overlap_plan_meth_other,sens_analysis_type___1,sens_analysis_type___2,sens_analysis_type___3,sens_analysis_type___4,sens_analysis_type___5,sens_analysis_type___6,sens_analysis_type___7,sens_analysis_type_other,notes_stat,statistical_methods_indirect_comparison_complete,rwd_descr,rwd_strategies,exp_first_enroll,exp_last_enroll,ctrl_first_enroll,ctrl_last_enroll,med_fu_global,med_fu_exp,med_fu_control,res_consistency,multiplicity_res,n_included_exp,n_included_control,baseline_comp_meth___1,baseline_comp_meth___2,baseline_comp_meth___3,baseline_comp_meth___4,baseline_comp_meth___5,baseline_comp_meth___6,baseline_comp_meth___7,baseline_comp_meth_other,n_naive_exp,n_naive_ctrl,res_unadjusted,n_match_exp,n_match_ctrl,n_weight_exp,n_weight_ctrl,number_eff_adj,adj_var_exclu_causes___1,adj_var_exclu_causes___2,adj_var_exclu_causes___3,adj_var_exclu_causes___4,adj_var_exclu_causes___5,adj_var_exclu_causes___6,adj_var_exclu_other,weight_outliers_meth,weight_out_check_meth,balance_check,balance_proof,overlap_check,overlap_proof,balance_meth_where___1,balance_meth_where___2,balance_meth_where___3,res_diff_how,res_diff_how_other,res_diff_adjust,res_pseudo_pop,res_sign_eval,res_sign_eval_prim,res_sign_eval_mult,sign_results,sign_primary_endp,sign_multiple_endp,sens_analyses_sign,bias_discussion,notes_results,results_complete
1,,,2,sc,"Andexanet alfa versus four-factor prothrombin complex concentrate for the reversal of apixaban- or rivaroxaban-associated intracranial hemorrhage: a propensity score-overlap weighted analysis",2022,0,0,usa,usa,0,"Critical Care (London, England)",1466-609X,"Alexion Pharmaceuticals, Inc",0,0,0,1,10.1186/s13054-022-04043-8,,2,1,3,,1,0,0,0,0,,0,0,0,1,0,,"rivaroxaban‑associated intracranial hemorrhage",0,0,0,1,0,0,,Andexanet,,1,0,0,0,0,,NCT02329327,,,,,1,0,0,0,1,0,,,0,0,0,0,0,0,0,,3,,0,,2,,,,,,,,,,,,,,,,,,,,,,,,,,,,,,,,,,,,,,,,,4,,2,0,"hemostatic effectiveness and 30-day all-cause mortality",3,1,0,0,0,3,,,,,,,1,2,,22,0,0,0,1,confounders,0,0,1,0,,0,1,0,,,,,0,0,0,0,0,,,,3,,,0,1,0,0,0,0,1,"exact balance achieved by overlap weight",0.10,0,0,1,0,,0,0,0,0,0,0,1,"modified definition of the outcome",,2,,,,,,,,,,,,,,,,,,,,,,,,,,,,,,,,,,,,,,,,,,,,,,,,,,,,,,,,,,,
1,control_arm,1,,,,,,,,,,,,,,,,,,,,,,,,,,,,,,,,,,,,,,,,,,,,,,,,,,,,,,,,,,,,,,,,,,,,,,,,,,,,,1,0,1,0,0,1,0,0,0,0,,3,3,1,,1,1,1,0,0,0,0,0,0,,2,,0,0,1,0,,0,0,1,0,,0,,2,,,,,,,,,,,,,,,,,,,,,,,,,,,,,,,,,,,,,,,,,,,,,,,,,,,,,,,,,,,,,,,,,,,,,,,,,,,,,,,,,,,,,,,,,,,,,,,,,,,,,,,,,,,,,,,,,,,,,,,,,,,,,,,,,,,,
1,results,1,,,,,,,,,,,,,,,,,,,,,,,,,,,,,,,,,,,,,,,,,,,,,,,,,,,,,,,,,,,,,,,,,,,,,,,,,,,,,,,,,,,,,,,,,,,,,,,,,,,,,,,,,,,,,,,,,,,,,,,,,,,,,,,,,,,,,,,,,,,,,,,,,,,,,,,,,,,,,,,,,,,,,,,,,,,,,,,,,,,,,,,,,,,,,,,,"April, 11, 2015","March, 30, 2020","December, 1, 2016","August, 30, 2020",,,,1,,107,95,1,1,0,0,0,0,0,,,,4,,,,,,0,0,0,0,1,0,,4,,1,1,3,,1,0,0,4,,,1,1,1,1,1,1,1,2,1,"as this was not a randomized controlled trial, the risk of confounding bias exists",2
2,,,0,,"Comparative Efficacy of Teclistamab Versus Current Treatments in Real-World Clinical Practice in the Prospective LocoMMotion Study in Patients with Triple-Class-Exposed Relapsed and/or Refractory Multiple Myeloma",2023,1,0,france,spain,1,"Advances in Therapy",1865-8652,janssen,0,1,0,0,10.1007/s12325-023-02480-7,,2,1,1,,0,0,0,0,0,,1,1,0,0,0,,"multiple myeloma",0,0,0,1,0,0,,"multiple myeloma",,1,0,0,0,0,,NCT04557098,,,,NR,1,0,0,0,1,0,,,0,0,0,0,0,0,0,,3,,0,,2,,,,,,,,,,,,,,,,,,,,,,,,,,,,,,,,,,,,,,,,,2,,2,0,ORR,1,1,0,0,0,3,,,,,,,1,2,,15,1,0,0,0,,1,0,0,0,,0,1,0,,,,,0,0,0,0,0,,,,2,,,0,1,0,0,0,0,0,,,0,0,1,0,,0,1,0,0,0,0,0,,,2,,,,,,,,,,,,,,,,,,,,,,,,,,,,,,,,,,,,,,,,,,,,,,,,,,,,,,,,,,,
2,control_arm,1,,,,,,,,,,,,,,,,,,,,,,,,,,,,,,,,,,,,,,,,,,,,,,,,,,,,,,,,,,,,,,,,,,,,,,,,,,,,,1,0,1,0,0,1,0,0,0,0,,76,2,1,,1,1,1,0,0,0,0,0,0,,2,,1,0,0,0,,0,0,0,1,"real world",0,"traitements decrits dans resultats",2,,,,,,,,,,,,,,,,,,,,,,,,,,,,,,,,,,,,,,,,,,,,,,,,,,,,,,,,,,,,,,,,,,,,,,,,,,,,,,,,,,,,,,,,,,,,,,,,,,,,,,,,,,,,,,,,,,,,,,,,,,,,,,,,,,,,
2,results,1,,,,,,,,,,,,,,,,,,,,,,,,,,,,,,,,,,,,,,,,,,,,,,,,,,,,,,,,,,,,,,,,,,,,,,,,,,,,,,,,,,,,,,,,,,,,,,,,,,,,,,,,,,,,,,,,,,,,,,,,,,,,,,,,,,,,,,,,,,,,,,,,,,,,,,,,,,,,,,,,,,,,,,,,,,,,,,,,,,,,,,,,,,,,,,0,,NR,NR,2019,2020,NR,14.1,16.13,1,,165,248,1,1,0,0,0,0,0,,,,3,,,,,13,0,1,1,0,0,0,,4,,1,1,3,,1,1,0,,,,1,1,,2,1,,4,,1,"confounding bias",2
3,,,0,sc,"Endopeptidase Cleavage of Anti-Glomerular Basement Membrane Antibodies in vivo in Severe Kidney Disease: An Open-Label Phase 2a Study",2022,1,0,sweden,sweden,1,"Journal of the American Society of Nephrology: JASN",1533-3450,"hansa biopharma ab",0,1,0,0,10.1681/ASN.2021111460,,2,2,,,0,0,0,0,0,,0,1,0,0,1,2a,"severe kidney disease",0,0,0,1,0,0,,imlifidase,,1,1,0,0,0,,NCT03157037,"EUDRACT 2016-004082-39",,,17,1,0,0,0,1,0,,,0,0,0,0,0,0,0,,3,,0,,2,,,,,,,,,,,,,,,,,,,,,,,,,,,,,,,,,,,,,,,,,4,,2,0,"dialysis independance and safety",,0,0,1,0,1,,0.05,0.93,15,NR,0,0,,,,0,0,0,0,,0,0,0,0,,0,0,0,,,,,0,0,0,0,0,,,,,,,0,0,0,0,0,0,0,,,0,0,0,0,,0,0,0,0,0,1,0,,,2,,,,,,,,,,,,,,,,,,,,,,,,,,,,,,,,,,,,,,,,,,,,,,,,,,,,,,,,,,,
3,control_arm,1,,,,,,,,,,,,,,,,,,,,,,,,,,,,,,,,,,,,,,,,,,,,,,,,,,,,,,,,,,,,,,,,,,,,,,,,,,,,,1,0,1,0,1,0,0,0,0,0,,4,3,1,,,0,1,0,0,0,0,0,0,,2,,0,1,0,0,,0,0,1,0,,0,,2,,,,,,,,,,,,,,,,,,,,,,,,,,,,,,,,,,,,,,,,,,,,,,,,,,,,,,,,,,,,,,,,,,,,,,,,,,,,,,,,,,,,,,,,,,,,,,,,,,,,,,,,,,,,,,,,,,,,,,,,,,,,,,,,,,,,
3,results,1,,,,,,,,,,,,,,,,,,,,,,,,,,,,,,,,,,,,,,,,,,,,,,,,,,,,,,,,,,,,,,,,,,,,,,,,,,,,,,,,,,,,,,,,,,,,,,,,,,,,,,,,,,,,,,,,,,,,,,,,,,,,,,,,,,,,,,,,,,,,,,,,,,,,,,,,,,,,,,,,,,,,,,,,,,,,,,,,,,,,,,,,,,,,,,0,,2017,2020,NR,NR,NR,NR,NR,,,15,50,1,0,0,0,0,0,0,,15,50,,,,,,,0,0,0,0,0,0,,,,,,,,0,0,0,,,,,1,1,,1,1,4,,0,,2
4,,,0,sc,"Use of a real-world synthetic control arm for direct comparison of lisocabtagene maraleucel and conventional therapy in relapsed/refractory large B-cell lymphoma",2023,1,0,usa,switzerland,1,"Leukemia & Lymphoma",1029-2403,"juno therapeutics",0,1,0,0,10.1080/10428194.2022.2160200,"Juno Therapeutics a Subsidiary of Celgene",2,,,,0,0,0,0,0,,0,0,0,1,0,,"large B cell lymphoma",0,0,0,1,0,0,,"lisocabtagene maraleucel",,1,0,0,0,0,,NCT02631044,,,,,1,0,0,0,1,0,,,0,0,0,0,0,0,0,,3,,0,,2,,,,,,,,,,,,,,,,,,,,,,,,,,,,,,,,,,,,,,,,,,,,,,,0,0,0,0,,,,,,,,1,2,,,1,0,0,0,,0,1,0,1,"data analysis",1,0,0,,,,,0,0,0,0,0,,,,1,,1,0,1,0,0,0,0,0,,0.2,0,0,1,0,,1,0,0,0,0,0,0,,,2,,,,,,,,,,,,,,,,,,,,,,,,,,,,,,,,,,,,,,,,,,,,,,,,,,,,,,,,,,,
4,control_arm,1,,,,,,,,,,,,,,,,,,,,,,,,,,,,,,,,,,,,,,,,,,,,,,,,,,,,,,,,,,,,,,,,,,,,,,,,,,,,,,,2,0,1,1,0,0,0,0,,,3,1,,1,1,1,0,0,0,0,0,0,,1,0,0,0,1,1,"real world",0,0,1,0,,0,,2,,,,,,,,,,,,,,,,,,,,,,,,,,,,,,,,,,,,,,,,,,,,,,,,,,,,,,,,,,,,,,,,,,,,,,,,,,,,,,,,,,,,,,,,,,,,,,,,,,,,,,,,,,,,,,,,,,,,,,,,,,,,,,,,,,,,
4,results,1,,,,,,,,,,,,,,,,,,,,,,,,,,,,,,,,,,,,,,,,,,,,,,,,,,,,,,,,,,,,,,,,,,,,,,,,,,,,,,,,,,,,,,,,,,,,,,,,,,,,,,,,,,,,,,,,,,,,,,,,,,,,,,,,,,,,,,,,,,,,,,,,,,,,,,,,,,,,,,,,,,,,,,,,,,,,,,,,,,,,,,,,,,,,,,,,,,"January 1, 2003","September 30, 2018",,,,,,257,381,1,0,0,0,0,0,0,,,,2,,,,,,0,0,0,0,0,0,,,,3,,3,,0,0,1,,,,1,3,,,1,1,,,1,"because of the variable timing and availability of real-world clinical assessments versus scheduled investigator clinical trial assessments  shorter follow-up time",2
5,,,0,sc,"Comparative effectiveness between mosunetuzumab monotherapy clinical trial and real-world data in relapsed/refractory follicular lymphoma in third or subsequent lines of systemic therapy",2023,1,0,usa,switzerland,1,"Leukemia & Lymphoma",1029-2403,"F. Hoffmann-La Roche Ltd",0,1,0,0,10.1080/10428194.2023.2262066,,2,1,1,,0,0,0,0,0,,1,1,0,0,0,,"relapsed/refractory follicular lymphoma",0,1,0,0,0,0,,mosunetuzumab,,1,0,0,0,0,,NCT02500407,,,,,1,0,0,0,1,0,,,0,0,0,0,0,0,0,,3,,0,,2,,,,,,,,,,,,,,,,,,,,,,,,,,,,,,,,,,,,,,,,,2,,2,0,ORR,1,1,0,0,0,3,,,,,,,1,2,,5,1,0,0,0,,0,0,1,0,,0,0,1,"1 excluded due to extreme imbalance between cohorts",,,,0,0,0,0,0,,,,2,,,0,1,0,0,0,0,0,,0.25,0,0,1,0,,0,0,0,0,0,0,1,"﻿stratification; selection of the earliest, instead of latest, eligible index line",,2,,,,,,,,,,,,,,,,,,,,,,,,,,,,,,,,,,,,,,,,,,,,,,,,,,,,,,,,,,,
5,control_arm,1,,,,,,,,,,,,,,,,,,,,,,,,,,,,,,,,,,,,,,,,,,,,,,,,,,,,,,,,,,,,,,,,,,,,,,,,,,,,,1,0,1,0,0,1,0,0,0,0,,,3,1,,1,0,1,0,0,0,0,0,0,,2,,1,0,0,0,,0,0,0,1,"can improve interpretations of mosunetuzumab's efficacy. ",0,,2,,,,,,,,,,,,,,,,,,,,,,,,,,,,,,,,,,,,,,,,,,,,,,,,,,,,,,,,,,,,,,,,,,,,,,,,,,,,,,,,,,,,,,,,,,,,,,,,,,,,,,,,,,,,,,,,,,,,,,,,,,,,,,,,,,,,
5,results,1,,,,,,,,,,,,,,,,,,,,,,,,,,,,,,,,,,,,,,,,,,,,,,,,,,,,,,,,,,,,,,,,,,,,,,,,,,,,,,,,,,,,,,,,,,,,,,,,,,,,,,,,,,,,,,,,,,,,,,,,,,,,,,,,,,,,,,,,,,,,,,,,,,,,,,,,,,,,,,,,,,,,,,,,,,,,,,,,,,,,,,,,,,,,,,0,,,,,,,,,,,90,158,1,1,0,0,0,0,0,,,,4,,,,,4,0,0,1,0,0,0,,4,,1,1,3,,1,0,0,4,,,1,2,,,1,1,2,,1,,2
6,,,0,sc,"Amivantamab compared with real-world therapies in patients with advanced non-small cell lung cancer EGFR Exon 20 insertion mutations after platinum-based chemotherapy",2022,1,1,Korea,Korea,1,"Acta Oncologica",,janssen,0,1,0,0," 10.1080/0284186X.2023.2254479 ",,2,1,1,,0,0,0,0,0,,1,0,0,0,0,,"non small cell lung cancer",0,0,0,1,0,0,,amivantamab,,1,0,0,0,0,,NCT02609776,,,,,1,0,0,0,1,0,,,0,0,0,0,0,0,0,,2,,1,,2,,,,,,,,,,,,,,,,,,,,,,,,,,,,,,,,,,,,,,,,,2,,2,0,"OS, PFS, TTNT, ORR",3,1,0,0,0,2,,,,,,,1,2,,4,0,0,1,0,,0,0,1,0,,0,1,0,,,,,0,0,0,0,0,,,,2,,,0,1,0,0,0,0,0,,0.10,0,0,1,0,,1,0,0,0,0,0,1,"different weighting approaches, modification of the index date",,2,,,,,,,,,,,,,,,,,,,,,,,,,,,,,,,,,,,,,,,,,,,,,,,,,,,,,,,,,,,
6,control_arm,1,,,,,,,,,,,,,,,,,,,,,,,,,,,,,,,,,,,,,,,,,,,,,,,,,,,,,,,,,,,,,,,,,,,,,,,,,,,,,1,0,1,0,1,0,0,0,0,1,"LC-SCRUM-Asia database",,3,1,,2,0,1,0,0,0,0,0,0,,1,0,0,0,0,1,"clinically similar external control, real world therapies",0,0,0,1,"Asian controls",0,,2,,,,,,,,,,,,,,,,,,,,,,,,,,,,,,,,,,,,,,,,,,,,,,,,,,,,,,,,,,,,,,,,,,,,,,,,,,,,,,,,,,,,,,,,,,,,,,,,,,,,,,,,,,,,,,,,,,,,,,,,,,,,,,,,,,,,
6,results,1,,,,,,,,,,,,,,,,,,,,,,,,,,,,,,,,,,,,,,,,,,,,,,,,,,,,,,,,,,,,,,,,,,,,,,,,,,,,,,,,,,,,,,,,,,,,,,,,,,,,,,,,,,,,,,,,,,,,,,,,,,,,,,,,,,,,,,,,,,,,,,,,,,,,,,,,,,,,,,,,,,,,,,,,,,,,,,,,,,,,,,,,,,,,,,1,1,,,,,,,,1,,"115, 61 Asian","94 (309 lot)",1,1,0,0,1,0,0,,,,1,,,"115, 61 asian","114.6, 61.0 asian",NR,0,0,0,0,1,0,,4,,1,1,3,,0,1,0,4,,,1,1,,1,1,,1,1,1,"limited baseline characteristics to assess comparability between the two groups, and unidentified confounders",2
7,,,0,sc,"Comparative Effectiveness of Lurbinectedin for the Treatment of Relapsed Small Cell Lung Cancer in the Post-Platinum Setting: A Real-World Canadian Synthetic Control Arm Analysis",2023,1,0,canada,canada,1,"Targeted Oncology",1776-260X,pharmamar,0,1,0,0,10.1007/s11523-023-00995-1,,2,,,,0,0,0,0,0,,0,1,0,0,1,"basket trial","small cell lung cancer",0,0,0,1,0,0,,lurbinectedin,,1,0,0,0,0,,NCT02454972,,,,,1,0,0,0,1,0,,,0,0,0,0,0,0,0,,3,,0,,2,,,,,,,,,,,,,,,,,,,,,,,,,,,,,,,,,,,,,,,,,,,1,,"overall survival",,1,0,0,0,3,,,,,,,1,7,stratification,8,1,0,0,0,,1,0,0,0,,0,1,0,,,,,0,0,0,0,0,,,,,,,0,1,0,0,0,0,0,,0.10,0,0,1,0,,1,0,0,0,0,0,0,,"IPW, inverse odds weighting",2,,,,,,,,,,,,,,,,,,,,,,,,,,,,,,,,,,,,,,,,,,,,,,,,,,,,,,,,,,,
7,control_arm,1,,,,,,,,,,,,,,,,,,,,,,,,,,,,,,,,,,,,,,,,,,,,,,,,,,,,,,,,,,,,,,,,,,,,,,,,,,,,,1,0,1,0,0,0,0,0,0,1,"real-world database",,3,1,,1,0,2,0,0,0,0,1,0,,3,,1,1,1,0,,0,0,0,1,"To estimate the comparative effectiveness",0,,2,,,,,,,,,,,,,,,,,,,,,,,,,,,,,,,,,,,,,,,,,,,,,,,,,,,,,,,,,,,,,,,,,,,,,,,,,,,,,,,,,,,,,,,,,,,,,,,,,,,,,,,,,,,,,,,,,,,,,,,,,,,,,,,,,,,,
7,results,1,,,,,,,,,,,,,,,,,,,,,,,,,,,,,,,,,,,,,,,,,,,,,,,,,,,,,,,,,,,,,,,,,,,,,,,,,,,,,,,,,,,,,,,,,,,,,,,,,,,,,,,,,,,,,,,,,,,,,,,,,,,,,,,,,,,,,,,,,,,,,,,,,,,,,,,,,,,,,,,,,,,,,,,,,,,,,,,,,,,,,,,,,,,,,,,,"16 October 2015","15 January 2019",,,,,,,,105,174,1,1,0,0,0,0,0,,,,1,,,,,1,1,0,0,0,0,0,,,,3,,3,,0,0,1,,,,1,1,1,,1,1,,,1,"confounding bias",2
8,,,0,sc,"External control cohorts for the single-arm LIBRETTO-001 trial of selpercatinib in RET+ non-small-cell lung cancer",2022,1,1,usa,uk,1,"ESMO open",2059-7029,"eli lilly",0,0,1,0,10.1016/j.esmoop.2022.100551,,2,1,1,,0,0,0,0,0,,1,1,0,0,0,,"advanced metastatic non small cell lung cancer",0,0,0,1,0,0,,selpercatinib,,1,0,0,0,0,,NCT03157128,,,,,1,0,0,0,1,0,,,0,0,0,0,0,0,0,,3,,0,,2,,,,,,,,,,,,,,,,,,,,,,,,,,,,,,,,,,,,,,,,,4,,2,0,"overall response rate",1,1,0,0,0,3,,,,,,,1,7,"TMLE regression simultaneously to both groups",7,0,0,1,0,,0,0,1,0,,0,1,0,,,,,0,0,0,0,0,,,,,,,0,0,0,0,0,1,0,,,0,0,1,0,,1,0,0,1,0,0,1,"other controls","sensitivity: PS matching (genetic algorithm), PS weigthing with PS estimated by logistic regression with or withuout interaction",2,,,,,,,,,,,,,,,,,,,,,,,,,,,,,,,,,,,,,,,,,,,,,,,,,,,,,,,,,,,
8,control_arm,1,,,,,,,,,,,,,,,,,,,,,,,,,,,,,,,,,,,,,,,,,,,,,,,,,,,,,,,,,,,,,,,,,,,,,,,,,,,,,3,2,1,0,0,1,0,0,0,0,,,2,3,"reconstructed by digitizing adjusted Kaplan-Meier graphs",1,1,1,0,0,0,0,0,0,,1,1,1,0,0,0,,1,0,0,0,,,,2,,,,,,,,,,,,,,,,,,,,,,,,,,,,,,,,,,,,,,,,,,,,,,,,,,,,,,,,,,,,,,,,,,,,,,,,,,,,,,,,,,,,,,,,,,,,,,,,,,,,,,,,,,,,,,,,,,,,,,,,,,,,,,,,,,,,
8,results,1,,,,,,,,,,,,,,,,,,,,,,,,,,,,,,,,,,,,,,,,,,,,,,,,,,,,,,,,,,,,,,,,,,,,,,,,,,,,,,,,,,,,,,,,,,,,,,,,,,,,,,,,,,,,,,,,,,,,,,,,,,,,,,,,,,,,,,,,,,,,,,,,,,,,,,,,,,,,,,,,,,,,,,,,,,,,,,,,,,,,,,,,,,,,,,0,,2017,,2017,2021,,,,1,,48,2791,1,0,0,0,0,0,0,,,,4,,,,,NR,0,0,0,0,1,0,,,,3,,3,,0,0,1,,,,1,1,1,1,1,1,1,2,1,"discussion biais sans specifier confounding",2
9,,,0,sc,"Short-Term Outcomes of Phage-Antibiotic Combination Treatment in Adult Patients with Periprosthetic Hip Joint Infection",2023,0,0,russia,russia,0,Viruses,1999-4915,NR,1,0,0,0,10.3390/v15020499,,2,2,,,0,0,0,0,0,,0,0,0,0,1,"pilot study","periprosthetic hip joint infection",0,0,0,0,0,0,,"Phage-Antibiotic Combination Treatment",,0,0,0,1,0,,,,,,,3,0,0,0,0,0,,,0,0,0,0,0,0,0,,3,,0,,2,,,,,,,,,,,,,,,,,,,,,,,,,,,,,,,,,,,,,,,,,4,,2,," rate of periprosthetic infection relapses within 12 months ",,0,0,0,1,1,,0.1,0.8,21,21,1,0,,,,0,0,0,0,,0,0,0,0,,0,0,0,,,,,0,0,0,0,0,,,,,,,0,0,0,0,0,0,0,,,0,0,0,0,,0,0,0,0,0,1,0,,,2,,,,,,,,,,,,,,,,,,,,,,,,,,,,,,,,,,,,,,,,,,,,,,,,,,,,,,,,,,,
9,control_arm,1,,,,,,,,,,,,,,,,,,,,,,,,,,,,,,,,,,,,,,,,,,,,,,,,,,,,,,,,,,,,,,,,,,,,,,,,,,,,,1,,1,0,0,0,0,0,0,0,,,3,1,,,,5,0,0,0,0,0,0,,,,0,1,0,0,,0,0,1,0,,,,2,,,,,,,,,,,,,,,,,,,,,,,,,,,,,,,,,,,,,,,,,,,,,,,,,,,,,,,,,,,,,,,,,,,,,,,,,,,,,,,,,,,,,,,,,,,,,,,,,,,,,,,,,,,,,,,,,,,,,,,,,,,,,,,,,,,,
9,results,1,,,,,,,,,,,,,,,,,,,,,,,,,,,,,,,,,,,,,,,,,,,,,,,,,,,,,,,,,,,,,,,,,,,,,,,,,,,,,,,,,,,,,,,,,,,,,,,,,,,,,,,,,,,,,,,,,,,,,,,,,,,,,,,,,,,,,,,,,,,,,,,,,,,,,,,,,,,,,,,,,,,,,,,,,,,,,,,,,,,,,,,,,,,,,,,,2012,2018,2011,2018,,,,0,,23,22,0,0,0,0,0,1,0,,,,,,,,,,0,0,0,0,0,0,,,,,,,,0,0,0,,,,,1,1,4,3,,,,0,,2
10,,,0,sc,"Efficacy and Safety of Atezolizumab and Bevacizumab in Appendiceal Adenocarcinoma",2024,0,0,usa,usa,1,"Cancer Research Communications",2767-9764,"M.D. Anderson Cancer Center",1,1,0,0,10.1158/2767-9764.CRC-24-0019,,2,2,,,0,0,0,0,0,,0,1,0,0,0,,"appendiceal adenocarcinoma",0,0,0,1,0,0,,"atezolizumab and bevacizumab",,0,0,0,1,0,,,,,,1,1,0,0,0,1,0,,,0,0,0,0,0,0,0,,2,,0,,2,,,,,,,,,,,,,,,,,,,,,,,,,,,,,,,,,,,,,,,,,4,,2,0,ORR,,1,0,0,0,1,,0.05,0.75,16,NR,,1,1,,4,1,0,0,0,,0,0,0,1,"""previously shown"" (sans precision)",0,1,0,,,3,,1,0,0,0,0,,NR,,,,,0,0,0,0,0,1,0,,,0,0,1,0,,0,0,0,0,0,1,0,,,2,,,,,,,,,,,,,,,,,,,,,,,,,,,,,,,,,,,,,,,,,,,,,,,,,,,,,,,,,,,
10,control_arm,1,,,,,,,,,,,,,,,,,,,,,,,,,,,,,,,,,,,,,,,,,,,,,,,,,,,,,,,,,,,,,,,,,,,,,,,,,,,,,1,0,1,0,1,0,0,0,0,1,"leveraging a database",1,1,1,,1,0,1,0,0,0,0,0,0,,1,1,0,0,1,0,,0,0,1,0,,1,,2,,,,,,,,,,,,,,,,,,,,,,,,,,,,,,,,,,,,,,,,,,,,,,,,,,,,,,,,,,,,,,,,,,,,,,,,,,,,,,,,,,,,,,,,,,,,,,,,,,,,,,,,,,,,,,,,,,,,,,,,,,,,,,,,,,,,
10,results,1,,,,,,,,,,,,,,,,,,,,,,,,,,,,,,,,,,,,,,,,,,,,,,,,,,,,,,,,,,,,,,,,,,,,,,,,,,,,,,,,,,,,,,,,,,,,,,,,,,,,,,,,,,,,,,,,,,,,,,,,,,,,,,,,,,,,,,,,,,,,,,,,,,,,,,,,,,,,,,,,,,,,,,,,,,,,,,,,,,,,,,,,,,,,,,,,2017,2020,,,,40,,,,16,16,1,0,0,0,0,0,0,,,,1,16,16,,,NR,0,0,0,0,1,0,,,,3,,3,,0,0,1,,,,1,1,,,1,1,2,,0,,2
11,,,0,,"Amivantamab compared with real-world therapies in patients with advanced non-small cell lung cancer harboring EGFR exon 20 insertion mutations who progressed after platinum-based chemotherapy",2022,1,0,UK,France,1,"Lung Cancer (Amsterdam, Netherlands)",1872-8332,"Janssen Research & Development, LLC",0,1,0,0,10.1016/j.lungcan.2022.03.005,,2,1,3,,0,0,0,0,1,"efficacy population",1,0,0,0,1,"with expansion cohort","non-small cell lung cancer",0,0,0,1,0,0,,amivantamab,,1,0,0,0,0,,NCT02609776,,,,multiple,1,0,0,0,1,0,,,0,0,0,0,0,0,0,,2,,0,,2,,,,,,,,,,,,,,,,,,,,,,,,,,,,,,,,,,,,,,,,,2,,2,0,NR,,1,0,0,0,3,,,,,,,1,2,,4,0,0,1,0,,0,0,1,0,,0,1,0,,,,,0,0,0,0,0,,,,2,,,0,1,0,1,0,0,0,,0.10,0,0,1,0,,0,0,0,1,0,0,1,"excluding patients with ecog missing; including only 2nd LOTs",,2,,,,,,,,,,,,,,,,,,,,,,,,,,,,,,,,,,,,,,,,,,,,,,,,,,,,,,,,,,,
11,control_arm,1,,,,,,,,,,,,,,,,,,,,,,,,,,,,,,,,,,,,,,,,,,,,,,,,,,,,,,,,,,,,,,,,,,,,,,,,,,,,,1,0,2,0,0,1,0,0,0,0,,,3,1,,2,0,2,0,0,1,1,0,1,"clinically relevant eligibility criteria",2,,1,0,0,0,,1,0,0,0,,1,"Platinum-based chemotherapy",2,,,,,,,,,,,,,,,,,,,,,,,,,,,,,,,,,,,,,,,,,,,,,,,,,,,,,,,,,,,,,,,,,,,,,,,,,,,,,,,,,,,,,,,,,,,,,,,,,,,,,,,,,,,,,,,,,,,,,,,,,,,,,,,,,,,,
11,results,1,,,,,,,,,,,,,,,,,,,,,,,,,,,,,,,,,,,,,,,,,,,,,,,,,,,,,,,,,,,,,,,,,,,,,,,,,,,,,,,,,,,,,,,,,,,,,,,,,,,,,,,,,,,,,,,,,,,,,,,,,,,,,,,,,,,,,,,,,,,,,,,,,,,,,,,,,,,,,,,,,,,,,,,,,,,,,,,,,,,,,,,,,,,,,,1,1,24-05-2016,,,,,,NR,,,81,125,1,0,0,1,0,0,0,,,,,,,,,4,0,0,0,0,1,0,,4,,1,1,3,,1,0,0,4,,,1,1,1,2,1,1,1,1,1,"real-world data sets lacked consistency in assessments, range of therapies selected by physicians in real-world practice based on patient characteristic, Supportive care in real-world settings was also likely different, patients in clinical trials may be healthier, unmeasured confounding",2
12,,,0,,"Targeted dosing of anti-thymocyte globulin in adult unmanipulated haploidentical peripheral blood stem cell transplantation: A single-arm, phase 2 trial",2023,0,0,chine,chine,,"American Journal of Hematology",1096-8652,"Chinese PLA General Hospital",1,0,0,0,10.1002/ajh.27068,,2,,,,0,0,0,0,0,,0,1,0,0,0,,"prophylaxis for acute GVHD in haploidentical peripheral blood stem cell transplantation",0,0,1,1,0,0,,,,1,0,0,0,0,,NCT04778618,,,,1,1,0,0,0,0,0,,,0,0,0,0,0,0,0,,4,transplantation,0,,2,,,,,,,,,,,,,,,,,,,,,,,,,,,,,,,,,,,,,,,,,4,,2,0,,,1,0,1,0,3,,,,,,,1,6,"multivariate analysis",,0,0,1,0,,0,0,1,0,,0,0,0,,,,,0,0,0,0,0,,,,,,,0,0,0,0,0,1,0,,,0,0,1,0,,0,0,0,0,0,1,0,,,2,,,,,,,,,,,,,,,,,,,,,,,,,,,,,,,,,,,,,,,,,,,,,,,,,,,,,,,,,,,
12,control_arm,1,,,,,,,,,,,,,,,,,,,,,,,,,,,,,,,,,,,,,,,,,,,,,,,,,,,,,,,,,,,,,,,,,,,,,,,,,,,,,1,,,0,1,0,0,0,0,0,,1,1,1,,1,0,4,0,0,0,0,0,0,,2,,0,1,0,0,,0,0,0,1,comparison,1,,2,,,,,,,,,,,,,,,,,,,,,,,,,,,,,,,,,,,,,,,,,,,,,,,,,,,,,,,,,,,,,,,,,,,,,,,,,,,,,,,,,,,,,,,,,,,,,,,,,,,,,,,,,,,,,,,,,,,,,,,,,,,,,,,,,,,,
12,results,1,,,,,,,,,,,,,,,,,,,,,,,,,,,,,,,,,,,,,,,,,,,,,,,,,,,,,,,,,,,,,,,,,,,,,,,,,,,,,,,,,,,,,,,,,,,,,,,,,,,,,,,,,,,,,,,,,,,,,,,,,,,,,,,,,,,,,,,,,,,,,,,,,,,,,,,,,,,,,,,,,,,,,,,,,,,,,,,,,,,,,,,,,,,,,,0,,01/12/2020,14/01/2022,01/11/2018,01/04/2020,,"632 days",,,,63,102,1,0,0,0,1,0,0,,,,,,,,,,0,0,0,0,1,0,,,,3,,3,,0,0,1,,,,0,2,,,1,1,2,,0,"median follow-up was shorter in trial ",2
13,,,0,,"Efficacy of Premedication Protocol without Ranitidine for Taxane Regimen: A Multicenter Non-Randomized Historical Controlled Study",2022,0,0,Thailand,Thailand,0,"Asian Pacific journal of cancer prevention: APJCP",2476-762X,,0,0,0,1,10.31557/APJCP.2022.23.4.1331,,2,2,,,0,0,0,0,0,,0,0,0,1,0,,"premedication protocol in patients who had chemotherapy with taxane regimen.",0,0,0,1,0,0,,,,0,0,0,1,0,,,,,,1,,0,0,0,1,0,,,0,0,0,0,0,0,0,,3,,0,,2,,,,,,,,,,,,,,,,,,,,,,,,,,,,,,,,,,,,,,,,,,,,,"hypersensitivity reactions",,0,0,1,1,3,,,,,,,1,6,"multivariate analysis",,0,0,1,0,,0,0,1,0,,0,0,0,,,,,0,0,0,0,0,,,,,,,0,0,0,0,0,1,0,,,0,0,1,0,,0,0,0,0,0,1,0,,,2,,,,,,,,,,,,,,,,,,,,,,,,,,,,,,,,,,,,,,,,,,,,,,,,,,,,,,,,,,,
13,control_arm,1,,,,,,,,,,,,,,,,,,,,,,,,,,,,,,,,,,,,,,,,,,,,,,,,,,,,,,,,,,,,,,,,,,,,,,,,,,,,,1,0,1,0,1,0,0,0,0,0,,1,1,1,,1,1,1,0,0,0,0,0,0,,2,,0,1,0,0,,0,0,0,1,comparison,1,,2,,,,,,,,,,,,,,,,,,,,,,,,,,,,,,,,,,,,,,,,,,,,,,,,,,,,,,,,,,,,,,,,,,,,,,,,,,,,,,,,,,,,,,,,,,,,,,,,,,,,,,,,,,,,,,,,,,,,,,,,,,,,,,,,,,,,
13,results,1,,,,,,,,,,,,,,,,,,,,,,,,,,,,,,,,,,,,,,,,,,,,,,,,,,,,,,,,,,,,,,,,,,,,,,,,,,,,,,,,,,,,,,,,,,,,,,,,,,,,,,,,,,,,,,,,,,,,,,,,,,,,,,,,,,,,,,,,,,,,,,,,,,,,,,,,,,,,,,,,,,,,,,,,,,,,,,,,,,,,,,,,,,,,,,,,01/05/2020,31/12/2020,01/05/2020,31/12/2020,,,,,,221,220,1,0,0,0,1,0,0,,,,3,,,,,,0,0,0,0,1,0,,,,3,,3,,0,0,1,,,,0,2,,,3,,,,0,"only retrospective data",2
14,,,0,,"Intermediate-dose cyclophosphamide and bortezomib for PBSC mobilization in multiple myeloma",2023,0,0,japan,japan,0,"Transfusion and Apheresis Science: Official Journal of the World Apheresis Association: Official Journal of the European Society for Haemapheresis",1473-0502,,0,0,0,1,10.1016/j.transci.2023.103649,,2,2,,,0,0,0,0,0,,0,1,0,0,0,,"multiple myeloma",0,0,0,1,0,0,,"cyclophosphamide and bortezomib",,0,0,0,1,0,,,,,,2,1,0,0,0,1,0,,,0,0,0,0,0,0,0,,3,,0,,2,,,,,,,,,,,,,,,,,,,,,,,,,,,,,,,,,,,,,,,,,4,,2,0,"successful mobilization",,0,0,1,1,3,,,,,,,0,,,,0,0,0,0,,0,0,0,0,,0,0,0,,,,,0,0,0,0,0,,,,,,,0,0,0,0,0,0,0,,,0,0,0,0,,0,0,0,0,0,1,0,,,2,,,,,,,,,,,,,,,,,,,,,,,,,,,,,,,,,,,,,,,,,,,,,,,,,,,,,,,,,,,
14,control_arm,1,,,,,,,,,,,,,,,,,,,,,,,,,,,,,,,,,,,,,,,,,,,,,,,,,,,,,,,,,,,,,,,,,,,,,,,,,,,,,1,0,1,0,1,0,0,0,0,0,,2,1,1,,1,1,1,0,0,0,0,0,0,,2,,0,1,0,0,,0,0,0,1,comparison,1,,2,,,,,,,,,,,,,,,,,,,,,,,,,,,,,,,,,,,,,,,,,,,,,,,,,,,,,,,,,,,,,,,,,,,,,,,,,,,,,,,,,,,,,,,,,,,,,,,,,,,,,,,,,,,,,,,,,,,,,,,,,,,,,,,,,,,,
14,results,1,,,,,,,,,,,,,,,,,,,,,,,,,,,,,,,,,,,,,,,,,,,,,,,,,,,,,,,,,,,,,,,,,,,,,,,,,,,,,,,,,,,,,,,,,,,,,,,,,,,,,,,,,,,,,,,,,,,,,,,,,,,,,,,,,,,,,,,,,,,,,,,,,,,,,,,,,,,,,,,,,,,,,,,,,,,,,,,,,,,,,,,,,,,,,,,,01/04/2013,01/06/2017,01.05/2003,01/03/2012,,,,,,21,15,1,0,0,0,0,0,0,,21,15,,,,,,,0,0,0,0,0,0,,,,,,,,0,0,0,,,,,3,,,3,,,,1,"the ISS stage and induction regimens differed between Bor-ID-CY and ID-CY patients and this may have affected the outcomes. ",2
15,,,0,,"Relapse Rates With Paliperidone Palmitate in Adult Patients With Schizophrenia: Results for the 6-Month Formulation From an Open-label Extension Study Compared to Real-World Data for the 1-Month and 3-Month Formulations",2024,1,0,usa,germany,1,"The International Journal of Neuropsychopharmacology",1469-5111,Janssen,0,1,0,0,10.1093/ijnp/pyad067,,2,1,3,,0,0,0,0,1,"selection of 1 among 3 arms of the phase 3 study",0,0,1,0,1,"open-label extension study of a double blind RCT",schizophrenia,0,0,0,1,0,0,,,,1,0,0,0,0,,NCT04072575,,,,30,1,0,0,0,0,0,,,0,0,0,0,0,0,0,,4,"start date of the OLE study (end of double blind)",0,,2,,,,,,,,,,,,,,,,,,,,,,,,,,,,,,,,,,,,,,,,,4,,,,"time to first relapse",,1,0,0,0,2,,,,,,,1,1,,8,1,1,0,0,,0,0,0,0,,0,0,0,,1:1,3,,1,0,0,0,0,,0.20,,,,,0,1,0,0,0,0,0,,0.20,0,0,1,0,,1,0,0,0,0,0,0,,"sensitivity matching 1:2:2",2,,,,,,,,,,,,,,,,,,,,,,,,,,,,,,,,,,,,,,,,,,,,,,,,,,,,,,,,,,,
15,control_arm,1,,,,,,,,,,,,,,,,,,,,,,,,,,,,,,,,,,,,,,,,,,,,,,,,,,,,,,,,,,,,,,,,,,,,,,,,,,,,,2,1,1,0,0,1,0,0,0,0,,,,1,,1,0,1,0,0,0,0,0,0,,1,0,1,0,0,0,,0,0,0,1,"leverage real-world data (RWD) in extending the interpretability of clinical study findings and generate comparative analysis to inform clinical decision-making",1,,2,,,,,,,,,,,,,,,,,,,,,,,,,,,,,,,,,,,,,,,,,,,,,,,,,,,,,,,,,,,,,,,,,,,,,,,,,,,,,,,,,,,,,,,,,,,,,,,,,,,,,,,,,,,,,,,,,,,,,,,,,,,,,,,,,,,,
15,results,1,,,,,,,,,,,,,,,,,,,,,,,,,,,,,,,,,,,,,,,,,,,,,,,,,,,,,,,,,,,,,,,,,,,,,,,,,,,,,,,,,,,,,,,,,,,,,,,,,,,,,,,,,,,,,,,,,,,,,,,,,,,,,,,,,,,,,,,,,,,,,,,,,,,,,,,,,,,,,,,,,,,,,,,,,,,,,,,,,,,,,,,,,,,,,,,,,,,,,,,,,178,736,1,0,0,0,0,0,0,,,,,178,178,,,,0,0,0,0,1,0,,,,1,1,1,1,1,0,0,3,,,1,1,1,,1,1,,1,1,"unmeasured or unknown confounders",2
16,,,0,MD,"Efficacy of plasma exchange therapy for diffuse alveolar hemorrhage in patients with microscopic polyangiitis",2022,0,0,japan,,1,"Therapeutic Apheresis and Dialysis: Official Peer-Reviewed Journal of the International Society for Apheresis, the Japanese Society for Apheresis, the Japanese Society for Dialysis Therapy",1744-9987,,0,1,0,0,10.1111/1744-9987.13824,"A exclure : pas merdicament",1,2,,,0,0,0,0,0,,0,0,0,1,0,,"microscopic polyangiitis and diffuse alveaolar hemorrhage",0,0,0,1,0,0,,,,0,0,0,1,0,,,,,,2,1,0,0,0,1,0,,,0,0,0,0,0,0,0,,3,,0,,2,,,,,,,,,,,,,,,,,,,,,,,,,,,,,,,,,,,,,,,,,4,,1,,"52 weeks survival ",,1,0,0,0,3,,,,,,,0,,,,0,0,0,0,,0,0,0,0,,0,0,0,,,,,0,0,0,0,0,,,,,,,0,0,0,0,0,0,0,,,0,0,0,0,,0,0,0,0,0,1,0,,,2,,,,,,,,,,,,,,,,,,,,,,,,,,,,,,,,,,,,,,,,,,,,,,,,,,,,,,,,,,,
16,control_arm,1,,,,,,,,,,,,,,,,,,,,,,,,,,,,,,,,,,,,,,,,,,,,,,,,,,,,,,,,,,,,,,,,,,,,,,,,,,,,,1,0,1,0,1,0,0,0,0,0,,2,1,1,,1,1,1,0,0,0,0,0,0,,2,,0,1,0,0,,0,0,1,0,,1,,2,,,,,,,,,,,,,,,,,,,,,,,,,,,,,,,,,,,,,,,,,,,,,,,,,,,,,,,,,,,,,,,,,,,,,,,,,,,,,,,,,,,,,,,,,,,,,,,,,,,,,,,,,,,,,,,,,,,,,,,,,,,,,,,,,,,,
16,results,1,,,,,,,,,,,,,,,,,,,,,,,,,,,,,,,,,,,,,,,,,,,,,,,,,,,,,,,,,,,,,,,,,,,,,,,,,,,,,,,,,,,,,,,,,,,,,,,,,,,,,,,,,,,,,,,,,,,,,,,,,,,,,,,,,,,,,,,,,,,,,,,,,,,,,,,,,,,,,,,,,,,,,,,,,,,,,,,,,,,,,,,,,,,,,,,,23/03/2018,31/03/2021,,,,,,,,4,16,1,0,0,0,1,0,0,,4,16,,,,,,,0,0,0,0,0,0,,,,,,,,0,0,0,,,,,1,1,,1,1,,,,,0
17,,,0,,"3- or 1-Month DAPT in Patients at High Bleeding Risk Undergoing Everolimus-Eluting Stent Implantation",2021,1,0,usa,Switzerland,1,"JACC. Cardiovascular interventions",1876-7605,"Abbott Medical Devices",0,1,0,0,10.1016/j.jcin.2021.07.016,"A exclure car dispositif pas medicament",1,1,2,,0,0,0,0,1,"not a subset, the CONCATENTAION of 3 single arm trials",0,0,0,1,0,,"patients at high bleeding risk undergoing percutaneous coronary intervention ",0,0,0,1,0,0,,"everolimus-eluting stent",,1,0,0,0,0,,NCT03218787,,,,,,0,0,0,0,0,,,0,0,0,0,0,0,0,,,,,,0,,,,,,,,,,,,,,,,,,,,,,,,,,,,,,,,,,,,,,,,,,,,,,,0,0,0,0,,,,,,,,,,,,0,0,0,0,,0,0,0,0,,0,0,0,,,,,0,0,0,0,0,,,,,,,0,0,0,0,0,0,0,,,0,0,0,0,,0,0,0,0,0,0,0,,,0,,,,,,,,,,,,,,,,,,,,,,,,,,,,,,,,,,,,,,,,,,,,,,,,,,,,,,,,,,,
17,results,1,,,,,,,,,,,,,,,,,,,,,,,,,,,,,,,,,,,,,,,,,,,,,,,,,,,,,,,,,,,,,,,,,,,,,,,,,,,,,,,,,,,,,,,,,,,,,,,,,,,,,,,,,,,,,,,,,,,,,,,,,,,,,,,,,,,,,,,,,,,,,,,,,,,,,,,,,,,,,,,,,,,,,,,,,,,,,,,,,,,,,,,,,,,,,,,,,,,,,,,,,,,0,0,0,0,0,0,0,,,,,,,,,,0,0,0,0,0,0,,,,,,,,0,0,0,,,,,,,,,,,,,,0
18,,,0,,"Levetiracetam as a sensitizer of concurrent chemoradiotherapy in newly diagnosed glioblastoma: An open-label phase 2 study",2022,0,0,korea,korea,0,"Cancer Medicine",2045-7634,"Seoul National University Hospital",1,0,0,0,10.1002/cam4.4454,,2,2,,,0,0,0,0,0,,0,1,0,0,0,,glioblastoma,0,0,0,1,0,0,,levetiracetam,,1,0,0,0,0,,NCT02815410,,,,8,1,0,0,0,1,0,,,0,0,0,0,0,0,0,,4,"date of pathologic confirmation by operation",0,,2,,,,,,,,,,,,,,,,,,,,,,,,,,,,,,,,,,,,,,,,,4,,2,0,PFS,,1,0,0,0,3,,,,,,,1,1,,4,0,0,1,0,,0,0,1,0,,1,0,0,,,3,,0,0,1,0,0,,,3,,,,0,1,0,0,0,0,0,,0.2,0,0,1,0,,0,0,0,0,0,1,0,,,2,,,,,,,,,,,,,,,,,,,,,,,,,,,,,,,,,,,,,,,,,,,,,,,,,,,,,,,,,,,
18,control_arm,1,,,,,,,,,,,,,,,,,,,,,,,,,,,,,,,,,,,,,,,,,,,,,,,,,,,,,,,,,,,,,,,,,,,,,,,,,,,,,,,1,1,0,0,0,0,0,0,,,3,1,,1,0,4,0,0,0,0,0,0,,2,,0,0,0,0,,0,0,0,0,,0,,2,,,,,,,,,,,,,,,,,,,,,,,,,,,,,,,,,,,,,,,,,,,,,,,,,,,,,,,,,,,,,,,,,,,,,,,,,,,,,,,,,,,,,,,,,,,,,,,,,,,,,,,,,,,,,,,,,,,,,,,,,,,,,,,,,,,,
18,results,1,,,,,,,,,,,,,,,,,,,,,,,,,,,,,,,,,,,,,,,,,,,,,,,,,,,,,,,,,,,,,,,,,,,,,,,,,,,,,,,,,,,,,,,,,,,,,,,,,,,,,,,,,,,,,,,,,,,,,,,,,,,,,,,,,,,,,,,,,,,,,,,,,,,,,,,,,,,,,,,,,,,,,,,,,,,,,,,,,,,,,,,,,,,,,,,,01/07/2016,01/01/2019,01/06/2004,01/05/2019,18.4,,,,,73,101,1,0,0,0,0,0,0,,,,,,,,,,0,0,0,0,0,0,,,,1,1,,,0,1,0,3,,,1,2,,,3,,,,0,,2
19,,,0,,"Outcomes for Dostarlimab and Real-World Treatments in Post-platinum Patients With Advanced/Recurrent Endometrial Cancer: The GARNET Trial Versus a US Electronic Health Record-Based External Control Arm",2023,1,1,uk,uk,1,"Journal of Health Economics and Outcomes Research",2327-2236,"Tesaro, Inc.",0,1,0,0,10.36469/001c.77484,,2,1,5,"cohort A1 (dMMR/MSI-H) of Part 2B",0,0,0,0,0,,1,0,0,0,0,,"endometrial Ccancer",0,0,0,1,0,0,,dostarlimab,,1,0,0,0,0,,NCT02715284,,,,,1,0,0,0,0,1,"patient populations that are challenging to recruit or assess in randomized clinical trials",,0,0,0,0,0,0,0,,2,,0,,2,,,,,,,,,,,,,,,,,,,,,,,,,,,,,,,,,,,,,,,,,4,,2,0,"overall survival",3,1,0,0,0,3,,,,,,,1,2,,8,1,0,0,0,,1,1,0,0,,1,0,0,,,,,0,0,0,0,0,,,,1,,1,0,0,0,0,0,1,0,,,0,0,1,0,,1,0,0,0,0,0,0,,,2,,,,,,,,,,,,,,,,,,,,,,,,,,,,,,,,,,,,,,,,,,,,,,,,,,,,,,,,,,,
19,control_arm,1,,,,,,,,,,,,,,,,,,,,,,,,,,,,,,,,,,,,,,,,,,,,,,,,,,,,,,,,,,,,,,,,,,,,,,,,,,,,,1,0,1,0,0,1,0,0,0,0,,,3,1,,1,0,1,0,0,0,0,0,0,,1,0,1,0,0,0,,0,0,1,0,,0,,2,,,,,,,,,,,,,,,,,,,,,,,,,,,,,,,,,,,,,,,,,,,,,,,,,,,,,,,,,,,,,,,,,,,,,,,,,,,,,,,,,,,,,,,,,,,,,,,,,,,,,,,,,,,,,,,,,,,,,,,,,,,,,,,,,,,,
19,results,1,,,,,,,,,,,,,,,,,,,,,,,,,,,,,,,,,,,,,,,,,,,,,,,,,,,,,,,,,,,,,,,,,,,,,,,,,,,,,,,,,,,,,,,,,,,,,,,,,,,,,,,,,,,,,,,,,,,,,,,,,,,,,,,,,,,,,,,,,,,,,,,,,,,,,,,,,,,,,,,,,,,,,,,,,,,,,,,,,,,,,,,,,,,,,,,,08/05/2017,01/11/2021,01/01/2013,31/08/2018,,,,,,147,185,1,0,0,0,0,0,0,,,,1,,,,,4,1,0,0,0,0,0,,4,,3,,3,,0,0,1,,,,1,1,1,1,1,1,1,3,1,,2
20,,,0,,"Comparative effectiveness of tocilizumab vs standard care in patients with severe COVID-19-related pneumonia: a retrospective cohort study utilizing registry data as a synthetic control",2023,0,0,japan,japan,1,"BMC infectious diseases",1471-2334,,0,1,0,0,10.1186/s12879-023-08840-6,,2,,,,0,0,0,0,0,,0,0,0,1,0,,"COVID-19-related pneumonia",0,0,0,1,0,0,,"COVID-19 pneumonia",,0,0,0,1,0,,,,,,12,1,0,0,0,1,0,,,0,0,0,0,0,0,0,,2,,0,,2,,,,,,,,,,,,,,,,,,,,,,,,,,,,,,,,,,,,,,,,,4,,,,"time to discharge or the state of awaiting discharge",,1,0,0,0,3,,,,,,,1,1,,12,0,0,1,0,,0,0,1,0,,0,0,0,,"1:1 to 4:1",3,,0,0,0,0,0,,0.2,3,,,,0,0,0,0,0,1,0,,,0,0,1,0,,0,0,0,0,0,1,0,,"exact matching, suivi de PS matching, puis IPTW",2,,,,,,,,,,,,,,,,,,,,,,,,,,,,,,,,,,,,,,,,,,,,,,,,,,,,,,,,,,,
20,control_arm,1,,,,,,,,,,,,,,,,,,,,,,,,,,,,,,,,,,,,,,,,,,,,,,,,,,,,,,,,,,,,,,,,,,,,,,,,,,,,,1,0,,0,1,0,0,0,0,0,,,3,1,,,1,1,0,0,0,0,0,0,,1,1,0,0,1,0,,0,0,0,0,,,,2,,,,,,,,,,,,,,,,,,,,,,,,,,,,,,,,,,,,,,,,,,,,,,,,,,,,,,,,,,,,,,,,,,,,,,,,,,,,,,,,,,,,,,,,,,,,,,,,,,,,,,,,,,,,,,,,,,,,,,,,,,,,,,,,,,,,
20,results,1,,,,,,,,,,,,,,,,,,,,,,,,,,,,,,,,,,,,,,,,,,,,,,,,,,,,,,,,,,,,,,,,,,,,,,,,,,,,,,,,,,,,,,,,,,,,,,,,,,,,,,,,,,,,,,,,,,,,,,,,,,,,,,,,,,,,,,,,,,,,,,,,,,,,,,,,,,,,,,,,,,,,,,,,,,,,,,,,,,,,,,,,,,,,,,,,25/05/2020,31/10/2020,11/05/2020,28/11/2020,,,,,,48,86,1,1,0,0,0,0,0,,,,,31,31,,,,0,0,0,0,1,0,,,,1,1,3,,1,0,0,,,,,3,,,3,,,,0,"SD>0.2 apres ajustement  autre appariement sur criteres secondaires",2
21,,,0,,"Efficacy and safety of convalescent plasma therapy in patients with moderate-to-severe COVID-19: A non-randomized comparative study with historical control in a referral hospital in Indonesia",2022,0,,Indonesia,Indonesia,0,"Journal of Infection and Public Health",1876-035X,,1,0,0,0,10.1016/j.jiph.2021.10.028,,2,,,,0,0,0,0,0,,0,0,0,1,0,,COVID-19,0,0,0,1,0,0,,"convalescent plasma therapy",,0,0,0,1,0,,,,,,1,1,0,0,0,1,0,,,0,0,0,0,0,0,0,,3,,0,,2,,,,,,,,,,,,,,,,,,,,,,,,,,,,,,,,,,,,,,,,,4,,2,0,mortality,,1,0,0,0,3,,,,,,,0,,,,0,0,0,0,,0,0,0,0,,0,0,0,,,,,0,0,0,0,0,,,,,,,0,0,0,0,0,0,0,,,0,0,0,0,,0,0,0,0,0,1,0,,,2,,,,,,,,,,,,,,,,,,,,,,,,,,,,,,,,,,,,,,,,,,,,,,,,,,,,,,,,,,,
21,control_arm,1,,,,,,,,,,,,,,,,,,,,,,,,,,,,,,,,,,,,,,,,,,,,,,,,,,,,,,,,,,,,,,,,,,,,,,,,,,,,,1,1,1,0,1,0,0,0,0,0,,1,1,1,,1,,1,0,0,0,0,0,0,,2,,0,1,0,0,,0,0,1,0,,1,,2,,,,,,,,,,,,,,,,,,,,,,,,,,,,,,,,,,,,,,,,,,,,,,,,,,,,,,,,,,,,,,,,,,,,,,,,,,,,,,,,,,,,,,,,,,,,,,,,,,,,,,,,,,,,,,,,,,,,,,,,,,,,,,,,,,,,
21,results,1,,,,,,,,,,,,,,,,,,,,,,,,,,,,,,,,,,,,,,,,,,,,,,,,,,,,,,,,,,,,,,,,,,,,,,,,,,,,,,,,,,,,,,,,,,,,,,,,,,,,,,,,,,,,,,,,,,,,,,,,,,,,,,,,,,,,,,,,,,,,,,,,,,,,,,,,,,,,,,,,,,,,,,,,,,,,,,,,,,,,,,,,,,,,,,,,01/06/2020,01/09/2020,1,,,"20 days",,1,,15,15,1,0,0,0,1,0,0,,15,15,,,,,,,0,0,0,0,0,0,,,,,,,,0,0,0,,,,,2,,,1,1,,,1,,2
22,,,0,,"Comparative effectiveness of mobocertinib and standard of care in patients with NSCLC with EGFR exon 20 insertion mutations: An indirect comparison",2023,1,0,USA,USA,1,"Lung Cancer (Amsterdam, Netherlands)",1872-8332,takeda,0,1,0,0,10.1016/j.lungcan.2023.107186,,2,1,1,,0,0,0,0,0,,1,1,0,0,0,,nsclc,0,0,0,1,0,0,,mobocertinib,,1,0,0,0,0,,NCT02716116,,,,,1,0,0,0,1,0,,,0,0,0,0,0,0,0,,3,,0,,2,,,,,,,,,,,,,,,,,,,,,,,,,,,,,,,,,,,,,,,,,4,,2,0,ORR,1,1,0,0,0,3,,,,,,,1,2,,5,1,0,0,0,,1,1,0,0,,1,0,0,,,,,0,0,0,0,0,,,,2,,,1,0,0,0,0,0,0,,,0,0,1,0,,0,0,0,0,0,1,0,,,2,,,,,,,,,,,,,,,,,,,,,,,,,,,,,,,,,,,,,,,,,,,,,,,,,,,,,,,,,,,
22,control_arm,1,,,,,,,,,,,,,,,,,,,,,,,,,,,,,,,,,,,,,,,,,,,,,,,,,,,,,,,,,,,,,,,,,,,,,,,,,,,,,1,0,,0,0,1,0,0,0,0,,280,2,1,,1,0,1,0,0,0,0,0,0,,1,1,1,0,0,0,,1,0,0,0,,0,,2,,,,,,,,,,,,,,,,,,,,,,,,,,,,,,,,,,,,,,,,,,,,,,,,,,,,,,,,,,,,,,,,,,,,,,,,,,,,,,,,,,,,,,,,,,,,,,,,,,,,,,,,,,,,,,,,,,,,,,,,,,,,,,,,,,,,
22,results,1,,,,,,,,,,,,,,,,,,,,,,,,,,,,,,,,,,,,,,,,,,,,,,,,,,,,,,,,,,,,,,,,,,,,,,,,,,,,,,,,,,,,,,,,,,,,,,,,,,,,,,,,,,,,,,,,,,,,,,,,,,,,,,,,,,,,,,,,,,,,,,,,,,,,,,,,,,,,,,,,,,,,,,,,,,,,,,,,,,,,,,,,,,,,,,,,"June 8, 2016","November 1, 2020","January 1, 2011","February 29, 2020",,24.0,11.5,1,,114,50,1,0,0,0,0,0,0,,114,50,,,,,,,0,0,0,0,0,0,,,,,,,,0,0,0,,,,,1,1,1,1,1,1,,1,,2
23,,,0,,"High Risk of Recurrence of Malignancy Noted in Four-day rATG Regimen After Allogeneic PBSCT From Matched Sibling Donors",2022,0,0,china,china,,"Transplantation and Cellular Therapy",2666-6367,"Chinese PLA General Hospital",0,0,0,1,10.1016/j.jtct.2022.08.012,"A EXCLURE MAUVAIS DESIGN",2,,,,0,0,0,0,0,,0,1,0,0,0,," peripheral blood stem cell transplantation",0,0,0,1,0,0,,"rabbit anti-thymocyte globulin ",,1,0,0,0,0,,NCT02677181,,,,,1,0,0,0,1,0,,,0,0,0,0,0,0,0,,3,,0,,2,,,,,,,,,,,,,,,,,,,,,,,,,,,,,,,,,,,,,,,,,4,,2,0,"severe cGVHD",,0,0,0,0,1,,0.05,0.8,60,,0,0,,,,0,0,0,0,,0,0,0,0,,0,0,0,,,,,0,0,0,0,0,,,,,,,0,0,0,0,0,0,0,,,0,0,0,0,,0,0,0,0,0,1,0,,,2,,,,,,,,,,,,,,,,,,,,,,,,,,,,,,,,,,,,,,,,,,,,,,,,,,,,,,,,,,,
23,control_arm,1,,,,,,,,,,,,,,,,,,,,,,,,,,,,,,,,,,,,,,,,,,,,,,,,,,,,,,,,,,,,,,,,,,,,,,,,,,,,,1,0,1,0,1,0,0,0,0,0,,,3,1,,1,1,1,0,0,0,0,0,0,,2,,0,1,0,0,,0,0,1,0,,1,,2,,,,,,,,,,,,,,,,,,,,,,,,,,,,,,,,,,,,,,,,,,,,,,,,,,,,,,,,,,,,,,,,,,,,,,,,,,,,,,,,,,,,,,,,,,,,,,,,,,,,,,,,,,,,,,,,,,,,,,,,,,,,,,,,,,,,
23,results,1,,,,,,,,,,,,,,,,,,,,,,,,,,,,,,,,,,,,,,,,,,,,,,,,,,,,,,,,,,,,,,,,,,,,,,,,,,,,,,,,,,,,,,,,,,,,,,,,,,,,,,,,,,,,,,,,,,,,,,,,,,,,,,,,,,,,,,,,,,,,,,,,,,,,,,,,,,,,,,,,,,,,,,,,,,,,,,,,,,,,,,,,,,,,,,,,"February 1, 2019","January 31, 2021","December 1, 2014","January 31, 2019",,23.5,51.0,1,,45,37,1,0,0,0,1,0,0,,45,37,,,,,,,0,0,0,0,0,0,,,,,,,,0,0,0,,,,,2,,,2,,,,0,,2
24,,,0,,"Non-Ablative Chemotherapy Followed by HLA-Mismatched Allogeneic CD3+ T-Cells Infusion Causes An Augment of T-Cells With Mild CRS: A Multi-Centers Single-Arm Prospective Study on Elderly Acute Myeloid Leukemia and int-2/High Risk Myelodysplastic Syndrome Patients",2021,0,0,china,china,,"Frontiers in Oncology",2234-943X,,1,0,0,0,10.3389/fonc.2021.741341,,2,,,,0,0,0,0,0,,0,0,0,1,0,,"Acute Myeloid Leukemia and Myelodysplastic Syndrome",0,0,0,0,1,0,,allo-TLI,,0,0,0,1,0,,,,,,,1,0,0,0,1,0,,,0,0,0,0,0,0,0,,3,,0,,2,,,,,,,,,,,,,,,,,,,,,,,,,,,,,,,,,,,,,,,,,4,,2,0,ORR,,1,0,1,0,3,,,,,,,0,,,,0,0,0,0,,0,0,0,0,,0,0,0,,,,,0,0,0,0,0,,,,,,,0,0,0,0,0,0,0,,,0,0,0,0,,0,0,0,0,0,1,0,,,2,,,,,,,,,,,,,,,,,,,,,,,,,,,,,,,,,,,,,,,,,,,,,,,,,,,,,,,,,,,
24,control_arm,1,,,,,,,,,,,,,,,,,,,,,,,,,,,,,,,,,,,,,,,,,,,,,,,,,,,,,,,,,,,,,,,,,,,,,,,,,,,,,1,0,1,0,1,0,0,0,0,0,,1,3,1,,1,0,1,0,0,0,0,0,0,,2,,0,1,0,0,,0,0,1,0,,0,,2,,,,,,,,,,,,,,,,,,,,,,,,,,,,,,,,,,,,,,,,,,,,,,,,,,,,,,,,,,,,,,,,,,,,,,,,,,,,,,,,,,,,,,,,,,,,,,,,,,,,,,,,,,,,,,,,,,,,,,,,,,,,,,,,,,,,
24,results,1,,,,,,,,,,,,,,,,,,,,,,,,,,,,,,,,,,,,,,,,,,,,,,,,,,,,,,,,,,,,,,,,,,,,,,,,,,,,,,,,,,,,,,,,,,,,,,,,,,,,,,,,,,,,,,,,,,,,,,,,,,,,,,,,,,,,,,,,,,,,,,,,,,,,,,,,,,,,,,,,,,,,,,,,,,,,,,,,,,,,,,,,,,,,,,,,"October 27, 2017","September 22, 2020","August 30, 2010","December 26, 2016",,30.0,61.2,,,25,30,1,0,0,0,1,0,0,,17,30,,,,,,,0,0,0,0,0,0,,,,,,,,0,0,0,,,,,1,1,1,1,1,1,,0,,2
25,,,0,,"Comparative Effectiveness of Valoctocogene Roxaparvovec and Prophylactic Factor VIII Replacement in Severe Hemophilia A",2024,1,1,germany,brazil,1,"Advances in Therapy",1865-8652,"BioMarin Pharmaceutical",0,1,0,0,10.1007/s12325-024-02834-9,,2,,,,0,0,0,0,0,,0,0,1,0,0,,"Severe Hemophilia A",0,0,0,1,0,0,,"Valoctocogene Roxaparvovec",,1,0,0,0,0,,NCT03370913,,,,,1,0,0,0,1,0,,,0,0,0,0,0,0,0,,3,,0,,2,,,,,,,,,,,,,,,,,,,,,,,,,,,,,,,,,,,,,,,,,4,,2,0,"annualized bleeding rate",,0,0,1,0,3,,,,,,,1,2,,13,1,0,0,0,,1,0,0,1,"statistical relationship with bleeding outcomes",0,1,0,,,,,0,0,0,0,0,,,,2,,,0,1,0,0,1,0,0,,0.10,0,0,1,0,,1,0,0,0,0,0,1,"alternative baseline data",,2,,,,,,,,,,,,,,,,,,,,,,,,,,,,,,,,,,,,,,,,,,,,,,,,,,,,,,,,,,,
25,control_arm,1,,,,,,,,,,,,,,,,,,,,,,,,,,,,,,,,,,,,,,,,,,,,,,,,,,,,,,,,,,,,,,,,,,,,,,,,,,,,,1,0,1,0,1,0,0,0,0,0,,,1,1,,1,0,1,0,0,0,0,0,0,,2,,0,0,0,1,control,0,0,1,0,,1,,2,,,,,,,,,,,,,,,,,,,,,,,,,,,,,,,,,,,,,,,,,,,,,,,,,,,,,,,,,,,,,,,,,,,,,,,,,,,,,,,,,,,,,,,,,,,,,,,,,,,,,,,,,,,,,,,,,,,,,,,,,,,,,,,,,,,,
25,results,1,,,,,,,,,,,,,,,,,,,,,,,,,,,,,,,,,,,,,,,,,,,,,,,,,,,,,,,,,,,,,,,,,,,,,,,,,,,,,,,,,,,,,,,,,,,,,,,,,,,,,,,,,,,,,,,,,,,,,,,,,,,,,,,,,,,,,,,,,,,,,,,,,,,,,,,,,,,,,,,,,,,,,,,,,,,,,,,,,,,,,,,,,,,,,,1,2,,,,,,,,,,112,73,1,1,0,0,1,0,0,,,,,,,,,,0,0,0,0,0,0,,,,1,1,1,1,1,0,0,3,,,1,1,1,1,1,1,1,1,,"selection bias  discussed",2
26,,,0,,"Safety and clinical outcome of tamoxifen in Duchenne muscular dystrophy",2021,0,0,israel,israel,,"Neuromuscular disorders: NMD",1873-2364,"Hadassah Medical Organization",0,0,0,1,10.1016/j.nmd.2021.05.005,,2,,,,0,0,0,0,0,,0,0,0,1,0,,"Duchenne muscular dystrophy",0,1,1,0,0,0,,tamoxifen,,1,0,0,0,0,,NCT02835079,,,,1,1,0,0,0,1,0,,,0,0,0,0,0,0,0,,3,,0,,2,,,,,,,,,,,,,,,,,,,,,,,,,,,,,,,,,,,,,,,,,4,,2,0," change in score  at month 12",,0,0,0,1,3,,,,,,,1,1,,3,0,0,1,0,,0,0,1,0,,0,0,0,,1:1,5,,0,0,0,1,0,,,3,,,,0,0,0,0,0,1,0,,,0,0,1,0,,0,0,0,0,0,1,0,,,2,,,,,,,,,,,,,,,,,,,,,,,,,,,,,,,,,,,,,,,,,,,,,,,,,,,,,,,,,,,
26,control_arm,1,,,,,,,,,,,,,,,,,,,,,,,,,,,,,,,,,,,,,,,,,,,,,,,,,,,,,,,,,,,,,,,,,,,,,,,,,,,,,1,0,1,0,0,0,0,0,0,1,"clinical trial simulation tool for Duchenne muscular dystrophy",,3,1,,1,0,1,0,0,0,0,0,0,,2,,0,1,0,0,,1,0,0,0,,0,,2,,,,,,,,,,,,,,,,,,,,,,,,,,,,,,,,,,,,,,,,,,,,,,,,,,,,,,,,,,,,,,,,,,,,,,,,,,,,,,,,,,,,,,,,,,,,,,,,,,,,,,,,,,,,,,,,,,,,,,,,,,,,,,,,,,,,
26,results,1,,,,,,,,,,,,,,,,,,,,,,,,,,,,,,,,,,,,,,,,,,,,,,,,,,,,,,,,,,,,,,,,,,,,,,,,,,,,,,,,,,,,,,,,,,,,,,,,,,,,,,,,,,,,,,,,,,,,,,,,,,,,,,,,,,,,,,,,,,,,,,,,,,,,,,,,,,,,,,,,,,,,,,,,,,,,,,,,,,,,,,,,,,,,,,,,,,,,,,,,,13,13,0,0,0,0,0,1,0,,,,,8,8,,,,0,0,0,0,1,0,,,,3,,3,,0,0,1,,,,0,3,,,3,,,,0,,2
27,,,0,,"Ruxolitinib plus standard of care in severe hospitalized adults with severe fever with thrombocytopenia syndrome (SFTS): an exploratory, single-arm trial",2024,0,0,china,china,,"BMC medicine",1741-7015,,1,0,0,0,10.1186/s12916-024-03421-z,,2,2,,,0,0,0,0,0,,0,0,0,1,0,,"severe fever with thrombocytopenia syndrome",0,0,0,1,0,0,,Ruxolitinib,,0,0,0,0,1,ChiCTR,,,,ChiCTR2200063759,,1,0,0,0,1,0,,,0,0,0,0,0,0,0,,3,,0,,2,,,,,,,,,,,,,,,,,,,,,,,,,,,,,,,,,,,,,,,,,4,,2,0,"overall survival",,1,0,1,0,3,,,,,,,1,1,,12,0,0,0,1,"potential confounding factors",0,0,1,0,,0,0,0,,1:1,1,,0,0,0,0,1,"fuzzy matching",0.02,3,,,,0,0,0,0,0,1,0,,,0,0,1,0,,0,0,0,0,0,1,0,,,2,,,,,,,,,,,,,,,,,,,,,,,,,,,,,,,,,,,,,,,,,,,,,,,,,,,,,,,,,,,
27,control_arm,1,,,,,,,,,,,,,,,,,,,,,,,,,,,,,,,,,,,,,,,,,,,,,,,,,,,,,,,,,,,,,,,,,,,,,,,,,,,,,1,0,1,0,1,0,0,0,0,0,,1,1,1,,,1,1,0,0,0,0,0,0,,2,,0,1,0,0,,0,0,1,0,,0,,2,,,,,,,,,,,,,,,,,,,,,,,,,,,,,,,,,,,,,,,,,,,,,,,,,,,,,,,,,,,,,,,,,,,,,,,,,,,,,,,,,,,,,,,,,,,,,,,,,,,,,,,,,,,,,,,,,,,,,,,,,,,,,,,,,,,,
27,results,1,,,,,,,,,,,,,,,,,,,,,,,,,,,,,,,,,,,,,,,,,,,,,,,,,,,,,,,,,,,,,,,,,,,,,,,,,,,,,,,,,,,,,,,,,,,,,,,,,,,,,,,,,,,,,,,,,,,,,,,,,,,,,,,,,,,,,,,,,,,,,,,,,,,,,,,,,,,,,,,,,,,,,,,,,,,,,,,,,,,,,,,,,,,,,,,,"Sep 16, 2022","Sep 16, 2023","April 1, 2021","September 16, 2022",,,,,,26,26,0,0,0,0,0,0,0,,,,4,26,26,,,12,0,0,0,0,0,0,,,,3,,3,,0,0,1,,,,1,1,1,2,1,1,2,,1,,2
28,,,0,,"Efficacy and safety of a reduced dose of plerixafor in combination with granulocyte colony-stimulating factor in healthy haploidentical stem cell donors",2022,0,0,russia,russia,0,"Vox Sanguinis",1423-0410,,0,0,0,1,10.1111/vox.13266,,2,2,,,0,0,0,0,0,,0,0,0,0,0,,"healthy haploidentical stem cell donors",0,0,0,1,0,0,,plerixafor,,0,0,0,1,0,,,,,,,1,0,0,0,1,0,,,0,0,0,0,0,0,0,,3,,0,,2,,,,,,,,,,,,,,,,,,,,,,,,,,,,,,,,,,,,,,,,,4,,2,,"number of CD34+ cells",,0,0,0,1,3,,,,,,,0,,,,0,0,0,0,,0,0,0,0,,0,0,0,,,,,0,0,0,0,0,,,,,,,0,0,0,0,0,0,0,,,0,0,0,0,,0,0,0,0,0,1,0,,,2,,,,,,,,,,,,,,,,,,,,,,,,,,,,,,,,,,,,,,,,,,,,,,,,,,,,,,,,,,,
28,control_arm,1,,,,,,,,,,,,,,,,,,,,,,,,,,,,,,,,,,,,,,,,,,,,,,,,,,,,,,,,,,,,,,,,,,,,,,,,,,,,,1,0,3,0,1,0,0,0,0,0,,1,1,1,,1,0,1,0,0,0,0,0,0,,2,,0,1,0,0,,0,0,1,0,,0,,2,,,,,,,,,,,,,,,,,,,,,,,,,,,,,,,,,,,,,,,,,,,,,,,,,,,,,,,,,,,,,,,,,,,,,,,,,,,,,,,,,,,,,,,,,,,,,,,,,,,,,,,,,,,,,,,,,,,,,,,,,,,,,,,,,,,,
28,results,1,,,,,,,,,,,,,,,,,,,,,,,,,,,,,,,,,,,,,,,,,,,,,,,,,,,,,,,,,,,,,,,,,,,,,,,,,,,,,,,,,,,,,,,,,,,,,,,,,,,,,,,,,,,,,,,,,,,,,,,,,,,,,,,,,,,,,,,,,,,,,,,,,,,,,,,,,,,,,,,,,,,,,,,,,,,,,,,,,,,,,,,,,,,,,,,,"July 2012","March 2021",,,,,,,,211,106,0,0,0,0,0,0,0,,105,106,,,,,,,0,0,0,0,0,0,,,,,,,,0,0,0,,,,,3,,,3,,,,0,,2
29,,,0,,"Nasal spray of an IgM-like ACE2 fusion protein HH-120 accelerates SARS-CoV-2 clearance: A single-center propensity score-matched cohort study",2023,1,0,china,china,1,"Journal of Medical Virology",1096-9071,"Beijing Ditan Hospital",0,0,0,1,10.1002/jmv.28805,,2,2,,,0,0,0,0,0,,0,0,0,1,0,,SARS-CoV-2,0,0,0,1,0,0,,"nasal spary HH-120",,1,0,0,0,0,,NCT05659602,,,,,1,0,0,0,1,0,,,0,0,0,0,0,0,0,,3,,0,,2,,,,,,,,,,,,,,,,,,,,,,,,,,,,,,,,,,,,,,,,,4,,2,0,"median viral clearance time",,0,0,1,0,3,,,,,,,1,1,,5,0,0,1,0,,0,0,1,0,,0,0,0,,1:2,3,,1,0,0,0,0,,0.20,3,,,,0,1,0,0,0,0,0,,0.10,0,0,1,0,,0,0,0,0,0,1,0,,,2,,,,,,,,,,,,,,,,,,,,,,,,,,,,,,,,,,,,,,,,,,,,,,,,,,,,,,,,,,,
29,control_arm,1,,,,,,,,,,,,,,,,,,,,,,,,,,,,,,,,,,,,,,,,,,,,,,,,,,,,,,,,,,,,,,,,,,,,,,,,,,,,,1,0,1,0,0,0,1,0,0,0,,1,1,1,,1,0,1,0,0,0,0,0,0,,2,,1,0,0,0,,0,0,1,0,,0,,2,,,,,,,,,,,,,,,,,,,,,,,,,,,,,,,,,,,,,,,,,,,,,,,,,,,,,,,,,,,,,,,,,,,,,,,,,,,,,,,,,,,,,,,,,,,,,,,,,,,,,,,,,,,,,,,,,,,,,,,,,,,,,,,,,,,,
29,results,1,,,,,,,,,,,,,,,,,,,,,,,,,,,,,,,,,,,,,,,,,,,,,,,,,,,,,,,,,,,,,,,,,,,,,,,,,,,,,,,,,,,,,,,,,,,,,,,,,,,,,,,,,,,,,,,,,,,,,,,,,,,,,,,,,,,,,,,,,,,,,,,,,,,,,,,,,,,,,,,,,,,,,,,,,,,,,,,,,,,,,,,,,,,,,,,,"August 3, 2022 ","October 7, 2022",,,,,,,,67,152,1,0,0,0,0,0,0,,,,,65,103,,,5,0,0,0,0,0,0,,,,1,1,3,,0,1,0,,,,1,1,1,4,1,1,4,,1,,2
30,,,0,,"Quality of life, mood and seizure control in patients with brain tumor related epilepsy treated with lacosamide as add-on therapy: A prospective explorative study with a historical control group",2017,0,0,italy,italy,1,"Epilepsy & Behavior: E&B",1525-5069,,0,1,0,0,10.1016/j.yebeh.2017.05.031,,2,,,,0,0,0,0,0,,0,0,0,1,0,,"brain tumor related epilepsy",0,0,0,1,0,0,,lacosamide,,0,0,0,1,0,,,,,,1,1,0,0,0,1,0,,,0,0,0,0,0,0,0,,3,,0,,2,,,,,,,,,,,,,,,,,,,,,,,,,,,,,,,,,,,,,,,,,4,,2,0,"Seizure control evaluated at 6 months",,0,1,1,0,1,,0.05,0.80,19,,1,0,,,,0,0,0,0,,0,0,0,0,,0,0,0,,,,,0,0,0,0,0,,,,,,,0,0,0,0,0,0,0,,,0,0,0,0,,0,0,0,0,0,1,0,,,2,,,,,,,,,,,,,,,,,,,,,,,,,,,,,,,,,,,,,,,,,,,,,,,,,,,,,,,,,,,
30,control_arm,1,,,,,,,,,,,,,,,,,,,,,,,,,,,,,,,,,,,,,,,,,,,,,,,,,,,,,,,,,,,,,,,,,,,,,,,,,,,,,1,1,1,0,1,0,0,0,0,0,,1,1,1,,1,0,4,0,0,0,0,0,0,,2,,0,1,0,0,,0,0,1,0,,1,,2,,,,,,,,,,,,,,,,,,,,,,,,,,,,,,,,,,,,,,,,,,,,,,,,,,,,,,,,,,,,,,,,,,,,,,,,,,,,,,,,,,,,,,,,,,,,,,,,,,,,,,,,,,,,,,,,,,,,,,,,,,,,,,,,,,,,
30,results,1,,,,,,,,,,,,,,,,,,,,,,,,,,,,,,,,,,,,,,,,,,,,,,,,,,,,,,,,,,,,,,,,,,,,,,,,,,,,,,,,,,,,,,,,,,,,,,,,,,,,,,,,,,,,,,,,,,,,,,,,,,,,,,,,,,,,,,,,,,,,,,,,,,,,,,,,,,,,,,,,,,,,,,,,,,,,,,,,,,,,,,,,,,,,,,0,,,,,,5.8,,,,,25,19,0,0,0,0,1,0,0,,22,19,,,,,,,0,0,0,0,0,0,,,,,,,,0,0,0,,,,,3,,,1,1,2,,0,,2
31,,,0,,"Camrelizumab plus platinum-irinotecan followed by maintenance camrelizumab plus apatinib in untreated extensive-stage small-cell lung cancer: a nonrandomized clinical trial",2023,0,0,china,china,0,"Frontiers in Immunology",1664-3224,"Peking Union Medical College Hospital",0,1,0,0,10.3389/fimmu.2023.1168879,,2,,,,0,0,0,0,0,,0,0,0,1,0,,"small-cell lung cancer",0,0,0,1,0,0,,Camrelizuma,,1,0,0,0,0,,NCT4453930,,,,1,1,0,0,0,1,0,,,0,0,0,0,0,0,0,,3,,0,,2,,,,,,,,,,,,,,,,,,,,,,,,,,,,,,,,,,,,,,,,,4,,2,0,PFS,,1,0,1,0,3,,,,,,,0,,,,0,0,0,0,,0,0,0,0,,0,0,0,,,,,0,0,0,0,0,,,,,,,0,0,0,0,0,0,0,,,0,0,0,0,,0,0,0,0,0,1,0,,,2,,,,,,,,,,,,,,,,,,,,,,,,,,,,,,,,,,,,,,,,,,,,,,,,,,,,,,,,,,,
31,control_arm,1,,,,,,,,,,,,,,,,,,,,,,,,,,,,,,,,,,,,,,,,,,,,,,,,,,,,,,,,,,,,,,,,,,,,,,,,,,,,,1,0,1,0,0,0,1,0,0,0,,1,1,1,,1,0,1,0,0,0,0,0,0,,2,,0,1,0,0,,0,0,1,0,,0,,2,,,,,,,,,,,,,,,,,,,,,,,,,,,,,,,,,,,,,,,,,,,,,,,,,,,,,,,,,,,,,,,,,,,,,,,,,,,,,,,,,,,,,,,,,,,,,,,,,,,,,,,,,,,,,,,,,,,,,,,,,,,,,,,,,,,,
31,results,1,,,,,,,,,,,,,,,,,,,,,,,,,,,,,,,,,,,,,,,,,,,,,,,,,,,,,,,,,,,,,,,,,,,,,,,,,,,,,,,,,,,,,,,,,,,,,,,,,,,,,,,,,,,,,,,,,,,,,,,,,,,,,,,,,,,,,,,,,,,,,,,,,,,,,,,,,,,,,,,,,,,,,,,,,,,,,,,,,,,,,,,,,,,,,,,,"March, 2020","December, 2021","January, 2013","December, 2021",12.1,,,,,19,34,1,0,0,0,1,0,0,,19,34,,,,,,,0,0,0,0,0,0,,,,,,,,0,0,0,,,,,1,1,2,1,1,2,,0,,2
32,,,0,,"A Non-Comparative Prospective Pilot Study of Ketamine for Sedation in Adult Septic Shock",2018,0,0,USA,USA,,"Military Medicine",1930-613X,,0,0,0,1,10.1093/milmed/usy121,,2,2,,,0,0,0,0,0,,0,1,0,0,1,pilot,"Septic Shock",0,0,0,1,0,0,,ketamine,,0,0,0,1,0,,,,,,1,1,0,0,0,1,0,,,0,0,0,0,0,0,0,,1,,0,,2,,,,,,,,,,,,,,,,,,,,,,,,,,,,,,,,,,,,,,,,,4,,2,0,"dose of vasopressors at 24, 48, 72 and 96h",,1,0,0,0,3,,,,,,,0,,,,0,0,0,0,,0,0,0,0,,0,0,0,,,,,0,0,0,0,0,,,,,,,0,0,0,0,0,0,0,,,0,0,0,0,,0,0,0,0,0,1,0,,,2,,,,,,,,,,,,,,,,,,,,,,,,,,,,,,,,,,,,,,,,,,,,,,,,,,,,,,,,,,,
32,control_arm,1,,,,,,,,,,,,,,,,,,,,,,,,,,,,,,,,,,,,,,,,,,,,,,,,,,,,,,,,,,,,,,,,,,,,,,,,,,,,,1,0,1,0,1,0,0,0,0,0,,1,1,1,,1,1,1,0,0,0,0,0,0,,2,,0,1,0,0,,0,0,1,0,,0,,2,,,,,,,,,,,,,,,,,,,,,,,,,,,,,,,,,,,,,,,,,,,,,,,,,,,,,,,,,,,,,,,,,,,,,,,,,,,,,,,,,,,,,,,,,,,,,,,,,,,,,,,,,,,,,,,,,,,,,,,,,,,,,,,,,,,,
32,results,1,,,,,,,,,,,,,,,,,,,,,,,,,,,,,,,,,,,,,,,,,,,,,,,,,,,,,,,,,,,,,,,,,,,,,,,,,,,,,,,,,,,,,,,,,,,,,,,,,,,,,,,,,,,,,,,,,,,,,,,,,,,,,,,,,,,,,,,,,,,,,,,,,,,,,,,,,,,,,,,,,,,,,,,,,,,,,,,,,,,,,,,,,,,,,,,,"January, 2012","April, 2015",,,,,,,,17,29,1,0,0,0,1,0,0,,17,29,,,,,,,0,0,0,0,0,0,,,,,,,,0,0,0,,,,,1,1,3,1,1,3,,1,"potentially a selection bias in screening and determining eligibility  inability to control for confounding variables,  such as the evolution of individual practice patterns  over time.  factors were not assessed that may have accounted  for the differences seen in the two populations",2
33,,,0,,"Ruxolitinib in severe COVID-19: Results of a multicenter, prospective, single arm, open-label clinical study to investigate the efficacy and safety of ruxolitinib in patients with COVID-19 and severe acute respiratory syndrome",2021,0,0,argentina,argentina,0,"Revista De La Facultad De Ciencias Medicas (Cordoba, Argentina)",1853-0605,"Marcelo Iastrebner",0,0,0,1,10.31053/1853.0605.v78.n3.32800,,2,,,,0,0,0,0,0,,0,1,0,0,0,,"severe COVID-19",0,0,0,1,0,0,,ruxolitinib,,1,0,0,0,0,,NCT04414098,,,,3,1,0,0,0,1,0,,,0,0,0,0,0,0,0,,3,,0,,2,,,,,,,,,,,,,,,,,,,,,,,,,,,,,,,,,,,,,,,,,4,,2,0,"critically ill",,0,0,0,1,3,,,,,,,0,,,,0,0,0,0,,0,0,0,0,,0,0,0,,,,,0,0,0,0,0,,,,,,,0,0,0,0,0,0,0,,,0,0,0,0,,0,0,0,0,0,1,0,,,2,,,,,,,,,,,,,,,,,,,,,,,,,,,,,,,,,,,,,,,,,,,,,,,,,,,,,,,,,,,
33,control_arm,1,,,,,,,,,,,,,,,,,,,,,,,,,,,,,,,,,,,,,,,,,,,,,,,,,,,,,,,,,,,,,,,,,,,,,,,,,,,,,1,0,,0,1,0,0,0,0,0,,,1,1,,1,0,1,0,0,0,0,0,0,,2,,0,1,0,0,,0,0,1,0,,0,,2,,,,,,,,,,,,,,,,,,,,,,,,,,,,,,,,,,,,,,,,,,,,,,,,,,,,,,,,,,,,,,,,,,,,,,,,,,,,,,,,,,,,,,,,,,,,,,,,,,,,,,,,,,,,,,,,,,,,,,,,,,,,,,,,,,,,
33,results,1,,,,,,,,,,,,,,,,,,,,,,,,,,,,,,,,,,,,,,,,,,,,,,,,,,,,,,,,,,,,,,,,,,,,,,,,,,,,,,,,,,,,,,,,,,,,,,,,,,,,,,,,,,,,,,,,,,,,,,,,,,,,,,,,,,,,,,,,,,,,,,,,,,,,,,,,,,,,,,,,,,,,,,,,,,,,,,,,,,,,,,,,,,,,,,,,12/06/2020,10/11/2020,,,,,,,,54,51,1,0,0,0,0,0,0,,51,51,,,,,,,0,0,0,0,0,0,,,,,,,,0,0,0,,,,,2,,,2,,,,0,,2
34,,,2,,"An Open Label Trial to Assess Safety of Losartan for Treating Worsening Respiratory Illness in COVID-19",2021,0,0,usa,usa,1,"Frontiers in Medicine",2296-858X,"University of Kansas Medical Center",1,0,0,0,10.3389/fmed.2021.630209,,2,,,,0,0,0,0,0,,0,0,0,1,0,,covid19,0,0,0,1,0,0,,Losartan,,1,0,0,0,0,,NCT04335123,,,,1,1,0,0,0,1,0,,,0,0,0,0,0,0,0,,3,,0,,2,,,,,,,,,,,,,,,,,,,,,,,,,,,,,,,,,,,,,,,,,4,,2,0,"cumulative number of adverse events",,1,0,1,0,3,,,,,,,1,1,,5,0,0,1,0,,0,0,0,1,balance,0,1,0,,1:1,3,,1,0,0,0,0,,,3,,,,0,0,0,0,0,1,0,,,0,0,0,0,,0,1,0,1,0,0,0,,,2,,,,,,,,,,,,,,,,,,,,,,,,,,,,,,,,,,,,,,,,,,,,,,,,,,,,,,,,,,,
34,control_arm,1,,,,,,,,,,,,,,,,,,,,,,,,,,,,,,,,,,,,,,,,,,,,,,,,,,,,,,,,,,,,,,,,,,,,,,,,,,,,,1,0,1,0,1,0,0,0,0,0,,1,1,1,,1,0,1,0,0,0,0,0,0,,2,,0,1,0,1,"post hoc",0,0,1,0,,0,,2,,,,,,,,,,,,,,,,,,,,,,,,,,,,,,,,,,,,,,,,,,,,,,,,,,,,,,,,,,,,,,,,,,,,,,,,,,,,,,,,,,,,,,,,,,,,,,,,,,,,,,,,,,,,,,,,,,,,,,,,,,,,,,,,,,,,
34,results,1,,,,,,,,,,,,,,,,,,,,,,,,,,,,,,,,,,,,,,,,,,,,,,,,,,,,,,,,,,,,,,,,,,,,,,,,,,,,,,,,,,,,,,,,,,,,,,,,,,,,,,,,,,,,,,,,,,,,,,,,,,,,,,,,,,,,,,,,,,,,,,,,,,,,,,,,,,,,,,,,,,,,,,,,,,,,,,,,,,,,,,,,,,,,,,,,"April 2nd, 2020",,,,,,,,,34,46,0,0,0,0,0,1,0,,,,2,30,30,,,,0,0,0,0,1,0,,,,3,,3,,0,0,1,,,,1,1,1,2,3,,,2,1,,2
35,,,0,,"Sitagliptin compared with thiazolidinediones as a third-line oral antihyperglycemic agent in type 2 diabetes mellitus",2011,0,0,usa,usa,0,"Endocrine Practice: Official Journal of the American College of Endocrinology and the American Association of Clinical Endocrinologists",1934-2403,"Charles Drew University of Medicine and Science",0,0,0,1,10.4158/EP10405.OR,"le labo a fourni la drogue",2,,,,0,0,0,0,0,,0,0,0,1,0,,"diabetes mellitus",0,0,0,1,0,0,,Sitagliptin,,1,0,0,0,0,,NCT00686634,,,,1,1,0,0,0,1,0,,,0,0,0,0,0,0,0,,3,,0,,2,,,,,,,,,,,,,,,,,,,,,,,,,,,,,,,,,,,,,,,,,4,,2,0,"change from baseline in HbA1c",,0,0,1,0,3,,,,,,,0,,,,0,0,0,0,,0,0,0,0,,0,0,0,,,,,0,0,0,0,0,,,,,,,0,0,0,0,0,0,0,,,0,0,0,0,,0,0,0,0,0,1,0,,,2,,,,,,,,,,,,,,,,,,,,,,,,,,,,,,,,,,,,,,,,,,,,,,,,,,,,,,,,,,,
35,control_arm,1,,,,,,,,,,,,,,,,,,,,,,,,,,,,,,,,,,,,,,,,,,,,,,,,,,,,,,,,,,,,,,,,,,,,,,,,,,,,,1,0,1,0,1,0,0,0,0,0,,1,1,1,,1,0,1,0,0,0,0,0,0,,2,,0,1,0,0,,0,0,0,1,"legal issues between Los Angeles County and Charles R. Drew University of Medicine and Science",1,,2,,,,,,,,,,,,,,,,,,,,,,,,,,,,,,,,,,,,,,,,,,,,,,,,,,,,,,,,,,,,,,,,,,,,,,,,,,,,,,,,,,,,,,,,,,,,,,,,,,,,,,,,,,,,,,,,,,,,,,,,,,,,,,,,,,,,
35,results,1,,,,,,,,,,,,,,,,,,,,,,,,,,,,,,,,,,,,,,,,,,,,,,,,,,,,,,,,,,,,,,,,,,,,,,,,,,,,,,,,,,,,,,,,,,,,,,,,,,,,,,,,,,,,,,,,,,,,,,,,,,,,,,,,,,,,,,,,,,,,,,,,,,,,,,,,,,,,,,,,,,,,,,,,,,,,,,,,,,,,,,,,,,,,,,,,"December 2007","March 2010",,,,,,1,,108,104,1,0,0,0,1,0,0,,108,104,,,,,,,0,0,0,0,0,0,,,,,,,,0,0,0,,,,,1,1,2,1,1,2,,1,,2
36,,,0,,"Intermittent tri-weekly docetaxel plus bicalutamide in patients with castration-resistant prostate cancer: a single-arm prospective study using a historical control for comparison",2013,0,0,china,china,0,"Asian Journal of Andrology",1745-7262,,0,0,0,1,10.1038/aja.2013.89,,2,,,,0,0,0,0,0,,0,0,0,1,0,,"prostate cancer",0,0,0,1,0,0,,"docetaxel plus bicalutamide",,0,0,0,1,0,,,,,,1,1,0,0,0,1,0,,,0,0,0,0,0,0,0,,3,,0,,2,,,,,,,,,,,,,,,,,,,,,,,,,,,,,,,,,,,,,,,,,4,,2,0,"time-to-PSA progression",,1,1,0,0,3,,,,,,,0,,,,0,0,0,0,,0,0,0,0,,0,0,0,,,,,0,0,0,0,0,,,,,,,0,0,0,0,0,0,0,,,0,0,0,0,,0,0,0,0,0,1,0,,,2,,,,,,,,,,,,,,,,,,,,,,,,,,,,,,,,,,,,,,,,,,,,,,,,,,,,,,,,,,,
36,control_arm,1,,,,,,,,,,,,,,,,,,,,,,,,,,,,,,,,,,,,,,,,,,,,,,,,,,,,,,,,,,,,,,,,,,,,,,,,,,,,,1,0,1,0,1,0,0,0,0,0,,1,1,1,,1,1,1,0,0,0,0,0,0,,2,,0,1,0,0,,0,0,1,0,,1,,2,,,,,,,,,,,,,,,,,,,,,,,,,,,,,,,,,,,,,,,,,,,,,,,,,,,,,,,,,,,,,,,,,,,,,,,,,,,,,,,,,,,,,,,,,,,,,,,,,,,,,,,,,,,,,,,,,,,,,,,,,,,,,,,,,,,,
36,results,1,,,,,,,,,,,,,,,,,,,,,,,,,,,,,,,,,,,,,,,,,,,,,,,,,,,,,,,,,,,,,,,,,,,,,,,,,,,,,,,,,,,,,,,,,,,,,,,,,,,,,,,,,,,,,,,,,,,,,,,,,,,,,,,,,,,,,,,,,,,,,,,,,,,,,,,,,,,,,,,,,,,,,,,,,,,,,,,,,,,,,,,,,,,,,,,,"January 2007","September 2012",,,20,,,,,42,60,1,0,0,0,1,0,0,,42,60,,,,,,,0,0,0,0,0,0,,,,,,,,0,0,0,,,,,2,,,2,,,,1,,2
37,,,0,,"Effect of Vonoprazan on Delayed Bleeding after Endoscopic Submucosal Dissection for Gastric Neoplasia among Antithrombotic Drug Users: A Single-Center, Single-Arm Prospective Observational Case Control Study",2020,0,0,japan,japan,,"Acta Medica Okayama",0386-300X,,0,0,0,1,10.18926/AMO/59958,,2,2,,,0,0,0,0,0,,0,0,0,1,0,,"Gastric Neoplasia",0,0,0,1,0,0,,Vonoprazan,,0,0,0,1,0,,,,,,1,1,0,0,0,1,0,,,0,0,0,0,0,0,0,,3,,0,,2,,,,,,,,,,,,,,,,,,,,,,,,,,,,,,,,,,,,,,,,,4,,1,,"Delayed bleeding",,0,0,0,1,3,,,,,,,0,,,,0,0,0,0,,0,0,0,0,,0,0,0,,,,,0,0,0,0,0,,,,,,,0,0,0,0,0,0,0,,,0,0,0,0,,0,0,0,0,0,1,0,,,2,,,,,,,,,,,,,,,,,,,,,,,,,,,,,,,,,,,,,,,,,,,,,,,,,,,,,,,,,,,
37,control_arm,1,,,,,,,,,,,,,,,,,,,,,,,,,,,,,,,,,,,,,,,,,,,,,,,,,,,,,,,,,,,,,,,,,,,,,,,,,,,,,1,0,1,0,1,0,0,0,0,0,,1,1,1,,1,0,1,0,0,0,0,0,0,,2,,0,1,0,0,,0,0,1,0,,1,,2,,,,,,,,,,,,,,,,,,,,,,,,,,,,,,,,,,,,,,,,,,,,,,,,,,,,,,,,,,,,,,,,,,,,,,,,,,,,,,,,,,,,,,,,,,,,,,,,,,,,,,,,,,,,,,,,,,,,,,,,,,,,,,,,,,,,
37,results,1,,,,,,,,,,,,,,,,,,,,,,,,,,,,,,,,,,,,,,,,,,,,,,,,,,,,,,,,,,,,,,,,,,,,,,,,,,,,,,,,,,,,,,,,,,,,,,,,,,,,,,,,,,,,,,,,,,,,,,,,,,,,,,,,,,,,,,,,,,,,,,,,,,,,,,,,,,,,,,,,,,,,,,,,,,,,,,,,,,,,,,,,,,,,,,,,"October 2017","September 2018","January 2014","December 2016",,,,,,50,116,1,0,0,0,1,0,0,,50,116,,,,,,,0,0,0,0,0,0,,,,,,,,0,0,0,,,,,2,,,2,,,,1,,2
38,,,0,,"Safety of inhaled nitric oxide after lung transplantation",2003,0,0,usa,usa,,"The Journal of Heart and Lung Transplantation: The Official Publication of the International Society for Heart Transplantation",1053-2498,,0,0,0,1,10.1016/s1053-2498(02)00809-4,,2,,,,0,0,0,0,0,,0,0,0,1,0,,"lung transplantation",0,0,0,0,0,0,,"inhaled nitric oxide",,0,0,0,1,0,,,,,,1,1,0,0,0,1,0,,,0,0,0,0,0,0,0,,3,,0,,2,,,,,,,,,,,,,,,,,,,,,,,,,,,,,,,,,,,,,,,,,4,,2,0,NR,,0,0,0,0,3,,,,,,,0,,,,0,0,0,0,,0,0,0,0,,0,0,0,,,,,0,0,0,0,0,,,,,,,0,0,0,0,0,0,0,,,0,0,0,0,,0,0,0,0,0,1,0,,,2,,,,,,,,,,,,,,,,,,,,,,,,,,,,,,,,,,,,,,,,,,,,,,,,,,,,,,,,,,,
38,control_arm,1,,,,,,,,,,,,,,,,,,,,,,,,,,,,,,,,,,,,,,,,,,,,,,,,,,,,,,,,,,,,,,,,,,,,,,,,,,,,,1,0,1,0,1,0,0,0,0,0,,1,1,1,,1,1,1,0,0,0,0,0,0,,2,,0,1,0,0,,0,0,1,0,,1,,2,,,,,,,,,,,,,,,,,,,,,,,,,,,,,,,,,,,,,,,,,,,,,,,,,,,,,,,,,,,,,,,,,,,,,,,,,,,,,,,,,,,,,,,,,,,,,,,,,,,,,,,,,,,,,,,,,,,,,,,,,,,,,,,,,,,,
38,results,1,,,,,,,,,,,,,,,,,,,,,,,,,,,,,,,,,,,,,,,,,,,,,,,,,,,,,,,,,,,,,,,,,,,,,,,,,,,,,,,,,,,,,,,,,,,,,,,,,,,,,,,,,,,,,,,,,,,,,,,,,,,,,,,,,,,,,,,,,,,,,,,,,,,,,,,,,,,,,,,,,,,,,,,,,,,,,,,,,,,,,,,,,,,,,,,,"January 1996","December 1998","January 1994","December 1995",,,,,,14,22,1,0,0,0,0,0,0,,14,22,,,,,,,0,0,0,0,0,0,,,,,,,,0,0,0,,,,,3,,,1,1,2,,1,,2
39,,,0,,"Concomitant nevirapine impacts pharmacokinetic exposure to the antimalarial artemether-lumefantrine in African children",2017,0,0,usa,usa,0,"PloS One",1932-6203,"International Maternal Pediatric Adolescent AIDS Clinical Trials Group",1,0,0,0,10.1371/journal.pone.0186589,,2,,,,0,0,0,0,0,,0,0,0,0,1,"observational study",malaria,0,1,0,0,0,0,,nevirapine,,1,0,0,0,0,,NCT01728961,,,,3,1,0,0,0,1,0,,,0,0,0,0,0,0,0,,3,,0,,2,,,,,,,,,,,,,,,,,,,,,,,,,,,,,,,,,,,,,,,,,4,,,,AUC,,0,0,0,0,3,,,,,,,0,,,,0,0,0,0,,0,0,0,0,,0,0,0,,,,,0,0,0,0,0,,,,,,,0,0,0,0,0,0,0,,,0,0,0,0,,0,0,0,0,0,1,0,,,2,,,,,,,,,,,,,,,,,,,,,,,,,,,,,,,,,,,,,,,,,,,,,,,,,,,,,,,,,,,
39,control_arm,1,,,,,,,,,,,,,,,,,,,,,,,,,,,,,,,,,,,,,,,,,,,,,,,,,,,,,,,,,,,,,,,,,,,,,,,,,,,,,1,0,1,0,1,0,0,0,0,1,"previously studied group (PK design)",3,1,1,,1,0,1,0,0,0,0,0,0,,2,,0,1,0,0,,0,0,1,0,,1,,2,,,,,,,,,,,,,,,,,,,,,,,,,,,,,,,,,,,,,,,,,,,,,,,,,,,,,,,,,,,,,,,,,,,,,,,,,,,,,,,,,,,,,,,,,,,,,,,,,,,,,,,,,,,,,,,,,,,,,,,,,,,,,,,,,,,,
39,results,1,,,,,,,,,,,,,,,,,,,,,,,,,,,,,,,,,,,,,,,,,,,,,,,,,,,,,,,,,,,,,,,,,,,,,,,,,,,,,,,,,,,,,,,,,,,,,,,,,,,,,,,,,,,,,,,,,,,,,,,,,,,,,,,,,,,,,,,,,,,,,,,,,,,,,,,,,,,,,,,,,,,,,,,,,,,,,,,,,,,,,,,,,,,,,,,,"February 4, 2012",2014,2012,,,,,,,18,20,1,0,0,0,0,0,0,,16,20,,,,,,,0,0,0,0,0,0,,,,,,,,0,0,0,,,,,2,,,3,,,,0,,2
40,,,0,,"Impact of adding tacrolimus to initial treatment of interstitial pneumonitis in polymyositis/dermatomyositis: a single-arm clinical trial",2020,,,japan,japan,,"Rheumatology (Oxford, England)",1462-0332,"Tokyo Medical and Dental University",1,0,0,0,10.1093/rheumatology/kez394,,2,,,,0,0,0,0,0,,0,0,0,1,0,,"interstitial pneumonitis in polymyositis/dermatomyositi",0,0,0,1,0,0,,tacrolimus,,1,0,0,0,0,,NCT00504348,,,,,1,0,0,0,1,0,,,0,0,0,0,0,0,0,,3,,0,,2,,,,,,,,,,,,,,,,,,,,,,,,,,,,,,,,,,,,,,,,,4,,,,"overall survival",,1,0,1,0,4,"rare disease",,,,,,1,1,,,0,0,1,0,,0,0,1,0,,0,0,0,,,5,,0,0,0,1,0,,,3,,,,0,0,0,0,0,1,0,,,0,0,1,0,,0,0,0,0,0,1,0,,"PS matching not used",2,,,,,,,,,,,,,,,,,,,,,,,,,,,,,,,,,,,,,,,,,,,,,,,,,,,,,,,,,,,
40,control_arm,1,,,,,,,,,,,,,,,,,,,,,,,,,,,,,,,,,,,,,,,,,,,,,,,,,,,,,,,,,,,,,,,,,,,,,,,,,,,,,1,0,1,0,1,0,0,0,0,0,,,1,1,,,1,1,0,0,0,0,0,0,,2,,0,1,0,0,,0,0,1,0,,0,,2,,,,,,,,,,,,,,,,,,,,,,,,,,,,,,,,,,,,,,,,,,,,,,,,,,,,,,,,,,,,,,,,,,,,,,,,,,,,,,,,,,,,,,,,,,,,,,,,,,,,,,,,,,,,,,,,,,,,,,,,,,,,,,,,,,,,
40,results,1,,,,,,,,,,,,,,,,,,,,,,,,,,,,,,,,,,,,,,,,,,,,,,,,,,,,,,,,,,,,,,,,,,,,,,,,,,,,,,,,,,,,,,,,,,,,,,,,,,,,,,,,,,,,,,,,,,,,,,,,,,,,,,,,,,,,,,,,,,,,,,,,,,,,,,,,,,,,,,,,,,,,,,,,,,,,,,,,,,,,,,,,,,,,,,,,"July 2007","December 2009",,,,,,,,25,16,1,0,0,0,0,0,0,,,,,25,16,,,,0,0,0,0,0,0,,,,,,,,0,0,0,,,,0,3,,,3,,,,1,"""it was considered ethically inappropriate to conduct a study with a concurrent control group with GCs alone""",2
41,,,0,,"Efficacy of novel sedation using the combination of dexmedetomidine and midazolam during endoscopic submucosal dissection for esophageal squamous cell carcinoma",2019,0,0,japan,japan,0,"Esophagus: Official Journal of the Japan Esophageal Society",1612-9067,"Cancer Institute Hospital",0,0,0,1,10.1007/s10388-019-00666-z,,2,2,,,0,0,0,0,0,,0,0,0,1,0,,"esophageal squamous cell carcinoma",0,0,0,1,0,0,,"combination of dexmedetomidine and midazolam",,0,0,0,0,1,UMIN,,,,UMIN000017302,1,1,0,0,0,1,0,,,0,0,0,0,0,0,0,,3,,0,,2,,,,,,,,,,,,,,,,,,,,,,,,,,,,,,,,,,,,,,,,,4,,2,0,"proportion of patients who did not move or require restraint during ESD",,0,1,0,0,1,,0.05,0.80,60,,1,0,,,,0,0,0,0,,0,0,0,0,,0,0,0,,,,,0,0,0,0,0,,,,,,,0,0,0,0,0,0,0,,,0,0,0,0,,0,0,0,0,0,1,0,,,2,,,,,,,,,,,,,,,,,,,,,,,,,,,,,,,,,,,,,,,,,,,,,,,,,,,,,,,,,,,
41,control_arm,1,,,,,,,,,,,,,,,,,,,,,,,,,,,,,,,,,,,,,,,,,,,,,,,,,,,,,,,,,,,,,,,,,,,,,,,,,,,,,1,0,1,0,1,0,0,0,0,0,,1,1,1,,1,0,5,0,0,0,0,0,0,,2,,0,1,0,0,,0,0,1,0,,1,,2,,,,,,,,,,,,,,,,,,,,,,,,,,,,,,,,,,,,,,,,,,,,,,,,,,,,,,,,,,,,,,,,,,,,,,,,,,,,,,,,,,,,,,,,,,,,,,,,,,,,,,,,,,,,,,,,,,,,,,,,,,,,,,,,,,,,
41,results,1,,,,,,,,,,,,,,,,,,,,,,,,,,,,,,,,,,,,,,,,,,,,,,,,,,,,,,,,,,,,,,,,,,,,,,,,,,,,,,,,,,,,,,,,,,,,,,,,,,,,,,,,,,,,,,,,,,,,,,,,,,,,,,,,,,,,,,,,,,,,,,,,,,,,,,,,,,,,,,,,,,,,,,,,,,,,,,,,,,,,,,,,,,,,,,,,"October 2014","September 2015",,,,,,,,65,99,0,0,0,0,0,1,0,,65,99,,,,,,,0,0,0,0,0,0,,,,,,,,0,0,0,,,,,3,,,1,1,2,,1,"selection bias",2
42,,,0,,"Ultra-Early Combination Antiplatelet Therapy with Cilostazol for the Prevention of Branch Atheromatous Disease: A Multicenter Prospective Study",2016,0,0,japan,japan,0,"Cerebrovascular Diseases Extra",1664-5456,,0,0,0,1,10.1159/000450835,,2,,,,0,0,0,0,0,,0,0,0,0,0,,"Prevention of Branch Atheromatous Disease",0,0,0,1,0,0,,Cilostazol,,0,0,0,1,0,,,,,,,3,0,0,0,0,0,,,0,0,0,0,0,0,0,,3,,0,,2,,,,,,,,,,,,,,,,,,,,,,,,,,,,,,,,,,,,,,,,,4,,2,0,"progression of BAD",,0,0,0,0,3,,,,,,,0,,,,0,0,0,0,,0,0,0,0,,0,0,0,,,,,0,0,0,0,0,,,,,,,0,0,0,0,0,0,0,,,0,0,0,0,,0,0,0,0,0,1,0,,,2,,,,,,,,,,,,,,,,,,,,,,,,,,,,,,,,,,,,,,,,,,,,,,,,,,,,,,,,,,,
42,control_arm,1,,,,,,,,,,,,,,,,,,,,,,,,,,,,,,,,,,,,,,,,,,,,,,,,,,,,,,,,,,,,,,,,,,,,,,,,,,,,,1,0,1,0,1,0,0,0,0,0,,,3,1,,1,0,1,0,0,0,0,0,0,,2,,0,1,0,0,,0,0,1,0,,1,,2,,,,,,,,,,,,,,,,,,,,,,,,,,,,,,,,,,,,,,,,,,,,,,,,,,,,,,,,,,,,,,,,,,,,,,,,,,,,,,,,,,,,,,,,,,,,,,,,,,,,,,,,,,,,,,,,,,,,,,,,,,,,,,,,,,,,
42,results,1,,,,,,,,,,,,,,,,,,,,,,,,,,,,,,,,,,,,,,,,,,,,,,,,,,,,,,,,,,,,,,,,,,,,,,,,,,,,,,,,,,,,,,,,,,,,,,,,,,,,,,,,,,,,,,,,,,,,,,,,,,,,,,,,,,,,,,,,,,,,,,,,,,,,,,,,,,,,,,,,,,,,,,,,,,,,,,,,,,,,,,,,,,,,,,,,"December 2011","August 2014",,,,,,,,144,142,1,0,0,0,1,0,0,,,,,,,,,,0,0,0,0,0,0,,,,,,,,0,0,0,,,,,3,,,1,3,,,0,"discussion 'inherent drawbacks of observational design' sans precision",2
43,,,0,,"Recombinant human FGF-2 for the treatment of early-stage osteonecrosis of the femoral head: TRION, a single-arm, multicenter, Phase II trial",2021,0,0,japan,japan,0,"Regenerative Medicine",1746-076X,,1,0,0,0,10.2217/rme-2021-0049,"drug provided by the pharma",2,,,,0,0,0,0,0,,0,1,0,0,0,,"Osteonecrosis of the Femoral Head",0,0,1,1,0,0,,"Recombinant Human FGF-2 ",,0,0,0,0,1,"University Hospital Medical Information Network clinical trials registry",,,,UMIN000020340,4,1,0,0,0,1,0,,,0,0,0,0,0,0,0,,3,,0,,2,,,,,,,,,,,,,,,,,,,,,,,,,,,,,,,,,,,,,,,,,4,,2,,"expected collapse rate <35% at 24 months",,0,0,0,0,1,,5%,90%,56,,1,1,1,,4,0,0,0,0,,0,0,0,0,,0,0,0,,1:1,1,,0,0,0,1,0,,,3,,,,0,0,0,0,0,1,0,,,0,0,1,0,,0,0,0,0,0,1,0,,,2,,,,,,,,,,,,,,,,,,,,,,,,,,,,,,,,,,,,,,,,,,,,,,,,,,,,,,,,,,,
43,control_arm,1,,,,,,,,,,,,,,,,,,,,,,,,,,,,,,,,,,,,,,,,,,,,,,,,,,,,,,,,,,,,,,,,,,,,,,,,,,,,,1,0,1,0,1,0,0,0,0,0,,12,3,1,,1,0,4,0,0,0,0,0,0,,2,,0,1,0,0,,0,0,1,0,,0,,2,,,,,,,,,,,,,,,,,,,,,,,,,,,,,,,,,,,,,,,,,,,,,,,,,,,,,,,,,,,,,,,,,,,,,,,,,,,,,,,,,,,,,,,,,,,,,,,,,,,,,,,,,,,,,,,,,,,,,,,,,,,,,,,,,,,,
43,results,1,,,,,,,,,,,,,,,,,,,,,,,,,,,,,,,,,,,,,,,,,,,,,,,,,,,,,,,,,,,,,,,,,,,,,,,,,,,,,,,,,,,,,,,,,,,,,,,,,,,,,,,,,,,,,,,,,,,,,,,,,,,,,,,,,,,,,,,,,,,,,,,,,,,,,,,,,,,,,,,,,,,,,,,,,,,,,,,,,,,,,,,,,,,,,,,,"17 February 2016","7 December 2016",,,,,,,,63,268,1,0,0,0,1,0,0,,,,,49,49,,,,0,0,0,0,0,0,,,,1,1,3,,1,0,0,,,,1,1,1,2,1,1,2,,0,"""We carefully confirmed the acceptability criteria for historical controls by Pocock""",2
44,,,0,,"Therapeutic benefit of larotrectinib over the historical standard of care in patients with locally advanced or metastatic infantile fibrosarcoma (EPI VITRAKVI study)",2024,1,0,france,france,1,"ESMO open",2059-7029,Bayer,0,1,0,0,10.1016/j.esmoop.2024.103006,,2,,,,0,0,0,0,0,,0,0,0,0,1,1/2,"infantile fibrosarcoma",0,1,1,1,0,0,,larotrectinib,,1,0,0,0,0,,NCT05236257,,,,,1,0,0,0,1,0,,,0,0,0,0,0,0,0,,2,,0,,2,,,,,,,,,,,,,,,,,,,,,,,,,,,,,,,,,,,,,,,,,5,"ATE par deduction des poids mais non dit",2,0,"time to medical treatment failure",,1,0,1,0,1,,NR,51%,91,,0,1,2,,6,0,0,1,0,,0,1,0,0,,0,1,0,,,,,0,0,0,0,0,,,,1,,,0,0,0,0,0,0,0,,,0,0,0,0,,1,0,0,0,0,0,1,"matching + trimming or truncating weights",,2,,,,,,,,,,,,,,,,,,,,,,,,,,,,,,,,,,,,,,,,,,,,,,,,,,,,,,,,,,,
44,control_arm,1,,,,,,,,,,,,,,,,,,,,,,,,,,,,,,,,,,,,,,,,,,,,,,,,,,,,,,,,,,,,,,,,,,,,,,,,,,,,,1,0,2,0,1,0,0,0,0,0,,,3,1,,1,1,1,0,0,0,0,0,0,,1,1,0,1,0,0,,0,0,1,0,,0,,2,,,,,,,,,,,,,,,,,,,,,,,,,,,,,,,,,,,,,,,,,,,,,,,,,,,,,,,,,,,,,,,,,,,,,,,,,,,,,,,,,,,,,,,,,,,,,,,,,,,,,,,,,,,,,,,,,,,,,,,,,,,,,,,,,,,,
44,results,1,,,,,,,,,,,,,,,,,,,,,,,,,,,,,,,,,,,,,,,,,,,,,,,,,,,,,,,,,,,,,,,,,,,,,,,,,,,,,,,,,,,,,,,,,,,,,,,,,,,,,,,,,,,,,,,,,,,,,,,,,,,,,,,,,,,,,,,,,,,,,,,,,,,,,,,,,,,,,,,,,,,,,,,,,,,,,,,,,,,,,,,,,,,,,,,,2015,"20 July 2021",2000,2022,30.9,72.9,37.5,,,51,42,1,0,0,0,0,0,0,,,,1,,,,,,0,0,0,0,1,0,,4,,3,,3,,0,0,1,,,,1,1,1,2,1,1,2,2,1,"measurement + unmeasured counfouders bias",2
45,,,0,,"Procalcitonin for selecting the antibiotic regimen in outpatients with low-risk community-acquired pneumonia using a rapid point-of-care testing: A single-arm clinical trial",2017,0,0,espagne,espagne,0,"PloS One",1932-6203,"Fundación para el Fomento de la Investigación Sanitaria y Biomédica de la Comunitat Valenciana",1,0,0,0,10.1371/journal.pone.0175634,,1,,,,0,0,0,0,0,,0,0,0,1,0,,"community-acquired pneumonia",0,0,0,0,0,0,,procalcitonin,,1,0,0,0,0,,NCT02600806,,,,,,0,0,0,0,0,,,0,0,0,0,0,0,0,,,,,"A exclure : ce n'est pas un medicament",0,,,,,,,,,,,,,,,,,,,,,,,,,,,,,,,,,,,,,,,,,,,,,,,0,0,0,0,,,,,,,,,,,,0,0,0,0,,0,0,0,0,,0,0,0,,,,,0,0,0,0,0,,,,,,,0,0,0,0,0,0,0,,,0,0,0,0,,0,0,0,0,0,0,0,,,0,,,,,,,,,,,,,,,,,,,,,,,,,,,,,,,,,,,,,,,,,,,,,,,,,,,,,,,,,,,
46,,,0,,"Survival in primary pulmonary hypertension with long-term continuous intravenous prostacyclin",1994,0,0,usa,usa,0,"Annals of Internal Medicine",0003-4819,,1,1,0,0,10.7326/0003-4819-121-6-199409150-00003,"The Burroughs Wellcome Fund (BWF) is an American non-profit medical research organization that provides funding for biomedical research",2,1,3,,0,0,0,0,1,"all survivors of a previous RCT",0,0,0,1,0,,"primary pulmonary hypertension",0,0,0,1,0,0,,prostacyclin,,0,0,0,1,0,,,,,,4,1,0,0,0,1,0,,,0,0,0,0,0,0,0,,3,,0,,2,,,,,,,,,,,,,,,,,,,,,,,,,,,,,,,,,,,,,,,,,4,,1,,survival,2,1,0,0,0,3,,,,,,,0,,,,0,0,0,0,,0,0,0,0,,0,0,0,,,,,0,0,0,0,0,,,,,,,0,0,0,0,0,0,0,,,0,0,0,0,,0,0,0,0,0,1,0,,,2,,,,,,,,,,,,,,,,,,,,,,,,,,,,,,,,,,,,,,,,,,,,,,,,,,,,,,,,,,,
46,control_arm,1,,,,,,,,,,,,,,,,,,,,,,,,,,,,,,,,,,,,,,,,,,,,,,,,,,,,,,,,,,,,,,,,,,,,,,,,,,,,,1,0,1,1,0,0,0,0,0,0,,,3,1,,1,0,5,0,0,0,0,0,0,,2,,0,1,0,0,,0,0,1,0,,1,,2,,,,,,,,,,,,,,,,,,,,,,,,,,,,,,,,,,,,,,,,,,,,,,,,,,,,,,,,,,,,,,,,,,,,,,,,,,,,,,,,,,,,,,,,,,,,,,,,,,,,,,,,,,,,,,,,,,,,,,,,,,,,,,,,,,,,
46,results,1,,,,,,,,,,,,,,,,,,,,,,,,,,,,,,,,,,,,,,,,,,,,,,,,,,,,,,,,,,,,,,,,,,,,,,,,,,,,,,,,,,,,,,,,,,,,,,,,,,,,,,,,,,,,,,,,,,,,,,,,,,,,,,,,,,,,,,,,,,,,,,,,,,,,,,,,,,,,,,,,,,,,,,,,,,,,,,,,,,,,,,,,,,,,,,,,,,,,,,,,,18,31,0,0,0,0,0,1,0,,18,31,,,,,,,0,0,0,0,0,0,,,,,,,,0,0,0,,,,,1,1,,1,1,,,0,,2
47,,,0,,"Immunogenicity and tolerability of an investigational formulation of interferon-beta1a: 24- and 48-week interim analyses of a 2-year, single-arm, historically controlled, phase IIIb study in adults with multiple sclerosis",2007,0,0,uk,uk,,"Clinical Therapeutics",0149-2918,"EMD Serono",0,0,0,1,10.1016/j.clinthera.2007.06.002,,2,2,,,0,0,0,0,0,,0,0,1,0,1,3B,"multiple sclerosis",0,0,0,1,0,0,,interferon-beta1a,,1,0,0,0,0,,NCT00110396,,,,47,1,0,0,0,1,0,,,0,0,0,0,0,0,0,,3,,0,,2,,,,,,,,,,,,,,,,,,,,,,,,,,,,,,,,,,,,,,,,,4,,2,0,immunogenicity,,0,0,1,0,3,,,,,,,0,,,,0,0,0,0,,0,0,0,0,,0,0,0,,,,,0,0,0,0,0,,,,,,,0,0,0,0,0,0,0,,,0,0,0,0,,0,0,0,0,0,1,0,,,2,,,,,,,,,,,,,,,,,,,,,,,,,,,,,,,,,,,,,,,,,,,,,,,,,,,,,,,,,,,
47,control_arm,1,,,,,,,,,,,,,,,,,,,,,,,,,,,,,,,,,,,,,,,,,,,,,,,,,,,,,,,,,,,,,,,,,,,,,,,,,,,,,11,1,1,0,1,0,0,0,0,1,"The EVIDENCE Trial. Neurology. 2002;59:1496-1506",,3,1,,1,0,5,0,0,0,0,0,0,,2,,0,1,0,0,,0,0,1,1,"the EVIDENCE study best reflected the currently ap- proved product in terms of formulation and presentation",1,,2,,,,,,,,,,,,,,,,,,,,,,,,,,,,,,,,,,,,,,,,,,,,,,,,,,,,,,,,,,,,,,,,,,,,,,,,,,,,,,,,,,,,,,,,,,,,,,,,,,,,,,,,,,,,,,,,,,,,,,,,,,,,,,,,,,,,
47,results,1,,,,,,,,,,,,,,,,,,,,,,,,,,,,,,,,,,,,,,,,,,,,,,,,,,,,,,,,,,,,,,,,,,,,,,,,,,,,,,,,,,,,,,,,,,,,,,,,,,,,,,,,,,,,,,,,,,,,,,,,,,,,,,,,,,,,,,,,,,,,,,,,,,,,,,,,,,,,,,,,,,,,,,,,,,,,,,,,,,,,,,,,,,,,,,,,,,,,,,,,,260,339,1,0,0,0,0,0,0,,260,339,,,,,,,0,0,0,0,0,0,,,,,,,,0,0,0,,,,,1,,,1,1,2,,,"possible ascertainment bias",2
48,,,0,,"Preliminary Prospective Study to Assess the Effect of Early Blood Urea Nitrogen/Creatinine Ratio-Based Hydration Therapy on Poststroke Infection Rate and Length of Stay in Acute Ischemic Stroke",2015,0,0,taiwan,taiwan,0,"Journal of Stroke and Cerebrovascular Diseases: The Official Journal of National Stroke Association",1532-8511,,0,0,0,1,10.1016/j.jstrokecerebrovasdis.2015.08.002,,1,2,,,0,0,0,0,0,,0,1,0,0,0,,"Acute Ischemic Stroke",0,0,0,1,0,0,,Hydration,,0,0,0,0,0,,,,,,,,0,0,0,0,0,,,0,0,0,0,0,0,0,,,,,"A exclure : pas medicament",1,,,,,,,,,,,,,,,,,,,,,,,,,,,,,,,,,,,,,,,,,,,,,,,0,0,0,0,,,,,,,,,,,,0,0,0,0,,0,0,0,0,,0,0,0,,,,,0,0,0,0,0,,,,,,,0,0,0,0,0,0,0,,,0,0,0,0,,0,0,0,0,0,0,0,,,0,,,,,,,,,,,,,,,,,,,,,,,,,,,,,,,,,,,,,,,,,,,,,,,,,,,,,,,,,,,
49,,,0,,"Multicenter phase II study of a combination of cyclosporine a, methotrexate and mycophenolate mofetil for GVHD prophylaxis: results of the Chinese Bone Marrow Transplant Cooperative Group (CBMTCG)",2014,0,0,china,china,0,"Journal of Hematology & Oncology",1756-8722,"Chinese Bone Marrow Transplant Cooperative Group ",1,0,0,0,10.1186/s13045-014-0059-3,"comparison to a historical rate (not a control group)",1,2,,,0,0,0,0,0,,0,1,0,0,0,,"GVHD prophylaxis",0,0,0,1,0,0,,"cyclosporine a, methotrexate and mycophenolate mofetil",,0,0,0,1,0,,,,,,7,1,0,0,0,1,0,,,0,0,0,0,0,0,0,,3,,0,,2,,,,,,,,,,,,,,,,,,,,,,,,,,,,,,,,,,,,,,,,,,,,,"cumulative incidenceof acute GVHD",,1,0,0,0,1,,0.05,0.90,477,,1,,,,,0,0,0,0,,0,0,0,0,,0,0,0,,,,,0,0,0,0,0,,,,,,,0,0,0,0,0,0,0,,,0,0,0,0,,0,0,0,0,0,0,0,,,0,,,,,,,,,,,,,,,,,,,,,,,,,,,,,,,,,,,,,,,,,,,,,,,,,,,,,,,,,,,
49,control_arm,1,,,,,,,,,,,,,,,,,,,,,,,,,,,,,,,,,,,,,,,,,,,,,,,,,,,,,,,,,,,,,,,,,,,,,,,,,,,,,,,,0,0,0,0,0,0,0,,,,,,,,,0,0,0,0,0,0,,,,0,0,0,0,,0,0,0,0,,,,0,,,,,,,,,,,,,,,,,,,,,,,,,,,,,,,,,,,,,,,,,,,,,,,,,,,,,,,,,,,,,,,,,,,,,,,,,,,,,,,,,,,,,,,,,,,,,,,,,,,,,,,,,,,,,,,,,,,,,,,,,,,,,,,,,,,,
49,results,1,,,,,,,,,,,,,,,,,,,,,,,,,,,,,,,,,,,,,,,,,,,,,,,,,,,,,,,,,,,,,,,,,,,,,,,,,,,,,,,,,,,,,,,,,,,,,,,,,,,,,,,,,,,,,,,,,,,,,,,,,,,,,,,,,,,,,,,,,,,,,,,,,,,,,,,,,,,,,,,,,,,,,,,,,,,,,,,,,,,,,,,,,,,,,,,,"August 2007","October 2010",,,,,,,,508,,0,0,0,0,0,0,0,,,,,,,,,,0,0,0,0,0,0,,,,,,,,0,0,0,,,,,,,,,,,,,,0
50,,,0,,"Blinatumomab compared with standard of care for the treatment of adult patients with relapsed/refractory Philadelphia chromosome-positive B-precursor acute lymphoblastic leukemia",2020,1,0,italy,italy,,Cancer,1097-0142,Amgen,0,1,0,0,10.1002/cncr.32558,,2,1,1,,0,0,0,0,0,,0,1,0,0,0,,ALL,0,0,0,1,0,0,,blinatumomab,,1,0,0,0,0,,NCT02000427,,,,,1,0,0,0,0,1,"regulatory agencies support the use of external controls as a method for demonstrating the efficacy of new treatments",,0,0,0,0,0,0,0,,3,,0,,2,,,,,,,,,,,,,,,,,,,,,,,,,,,,,,,,,,,,,,,,,1,,2,0,OS,3,1,0,0,0,1,,,0.65,,,0,1,2,,7,1,0,0,0,,0,0,1,0,,0,1,0,,,,,0,0,0,0,0,,,,1,,0,0,1,0,0,0,0,0,,0.20,0,1,0,0,,1,1,0,0,0,0,0,,"stabilized IPTW and ATT  Covariates with a standardized difference >0.20 after IPTW adjustment were added to statistical models as covariates.  + bayesian borrowing (en analyse principale et sensibilité)",2,,,,,,,,,,,,,,,,,,,,,,,,,,,,,,,,,,,,,,,,,,,,,,,,,,,,,,,,,,,
50,control_arm,1,,,,,,,,,,,,,,,,,,,,,,,,,,,,,,,,,,,,,,,,,,,,,,,,,,,,,,,,,,,,,,,,,,,,,,,,,,,,,1,,2,0,0,0,0,0,0,1,"3 databases",5,2,1,,1,1,1,0,0,0,0,0,0,,1,0,0,0,0,1,"External SOC",0,0,0,1,"No satisfactory SOC",,,2,,,,,,,,,,,,,,,,,,,,,,,,,,,,,,,,,,,,,,,,,,,,,,,,,,,,,,,,,,,,,,,,,,,,,,,,,,,,,,,,,,,,,,,,,,,,,,,,,,,,,,,,,,,,,,,,,,,,,,,,,,,,,,,,,,,,
50,results,1,,,,,,,,,,,,,,,,,,,,,,,,,,,,,,,,,,,,,,,,,,,,,,,,,,,,,,,,,,,,,,,,,,,,,,,,,,,,,,,,,,,,,,,,,,,,,,,,,,,,,,,,,,,,,,,,,,,,,,,,,,,,,,,,,,,,,,,,,,,,,,,,,,,,,,,,,,,,,,,,,,,,,,,,,,,,,,,,,,,,,,,,,,,,,,,,,,"August 2017","January 2°18",,,,,,45,55,1,0,0,0,0,0,0,,,,,,,,,,0,0,0,0,0,0,,,,2,,1,1,0,1,0,2,,1,1,2,,,3,,,,,"resultats sur base originale fournis mais sans tests  limites discutées mais pas claires sur biais residuel",2
51,,,0,,"Adult height in children with idiopathic short stature treated with growth hormone",2000,0,0,spain,spain,,"Journal of pediatric endocrinology & metabolism: JPEM",0334-018X,,0,0,0,1,10.1515/jpem.2000.13.9.1595,,2,2,,,0,0,0,0,0,,0,0,0,1,0,,"idiopathic short stature ",0,1,0,0,0,0,,"growth hormone",,0,0,0,1,0,,,,,,,1,0,0,0,1,0,,,0,0,0,0,0,0,0,,3,,0,,2,,,,,,,,,,,,,,,,,,,,,,,,,,,,,,,,,,,,,,,,,4,,1,,"adult height",,0,0,0,1,3,,,,,,,0,,,,0,0,0,0,,0,0,0,0,,0,0,0,,,,,0,0,0,0,0,,,,,,,0,0,0,0,0,0,0,,,0,0,0,0,,0,0,0,0,0,1,0,,,2,,,,,,,,,,,,,,,,,,,,,,,,,,,,,,,,,,,,,,,,,,,,,,,,,,,,,,,,,,,
51,control_arm,1,,,,,,,,,,,,,,,,,,,,,,,,,,,,,,,,,,,,,,,,,,,,,,,,,,,,,,,,,,,,,,,,,,,,,,,,,,,,,1,,1,0,1,0,0,0,0,0,,,3,1,,1,1,1,0,0,0,0,0,0,,2,,0,1,0,0,,0,0,1,0,,1,,2,,,,,,,,,,,,,,,,,,,,,,,,,,,,,,,,,,,,,,,,,,,,,,,,,,,,,,,,,,,,,,,,,,,,,,,,,,,,,,,,,,,,,,,,,,,,,,,,,,,,,,,,,,,,,,,,,,,,,,,,,,,,,,,,,,,,
51,results,1,,,,,,,,,,,,,,,,,,,,,,,,,,,,,,,,,,,,,,,,,,,,,,,,,,,,,,,,,,,,,,,,,,,,,,,,,,,,,,,,,,,,,,,,,,,,,,,,,,,,,,,,,,,,,,,,,,,,,,,,,,,,,,,,,,,,,,,,,,,,,,,,,,,,,,,,,,,,,,,,,,,,,,,,,,,,,,,,,,,,,,,,,,,,,,,,1986,1991,1981,1986,,,,,,35,42,0,0,0,0,0,1,0,,35,42,,,,,,,0,0,0,0,0,0,,,,,,,,0,0,0,,,,,1,1,,1,1,,,1,"Inclusion of a historical control group tends to  overestimate the difference with the treated group  and the ideal situation would be to have a randomized  group.",2
52,,,0,,"A phase III study to access the safety and efficacy of prolgolimab 250 mg fixed dose administered every 3 weeks versus prolgolimab 1 mg/kg every 2 weeks in patients with metastatic melanoma (FLAT)",2024,0,0,russia,russia,1,"Frontiers in Oncology",2234-943X,Biocad,0,1,0,0,10.3389/fonc.2024.1385685,"A exclure car comparison aux données Essai clinique (non RWD)",1,2,,,0,0,0,0,0,,0,0,1,0,0,,"metastatic melanoma",0,0,0,1,0,0,,prolgolimab,,1,0,0,0,0,,NCT05783882,,,,,1,0,0,0,1,0,,,0,0,0,0,0,0,0,,3,,0,,2,,,,,,,,,,,,,,,,,,,,,,,,,,,,,,,,,,,,,,,,,,,,,,,0,0,0,0,,,,,,,,,,,,0,0,0,0,,0,0,0,0,,0,0,0,,,,,0,0,0,0,0,,,,,,,0,0,0,0,0,0,0,,,0,0,0,0,,0,0,0,0,0,0,0,,,0,,,,,,,,,,,,,,,,,,,,,,,,,,,,,,,,,,,,,,,,,,,,,,,,,,,,,,,,,,,
52,control_arm,1,,,,,,,,,,,,,,,,,,,,,,,,,,,,,,,,,,,,,,,,,,,,,,,,,,,,,,,,,,,,,,,,,,,,,,,,,,,,,1,1,1,0,0,0,0,0,0,1,"International Multicenter Open-label Randomized Trial of the Efficacy, Pharmacokinetics, Safety, and Immunogenicity of BCD-100",,,,,,,,0,0,0,0,0,0,,,,0,0,0,0,,0,0,0,0,,,,0,,,,,,,,,,,,,,,,,,,,,,,,,,,,,,,,,,,,,,,,,,,,,,,,,,,,,,,,,,,,,,,,,,,,,,,,,,,,,,,,,,,,,,,,,,,,,,,,,,,,,,,,,,,,,,,,,,,,,,,,,,,,,,,,,,,,
53,,,0,,"Efficacy of caspofungin as salvage therapy for invasive aspergillosis compared to standard therapy in a historical cohort",2010,0,0,usa,usa,1,"European Journal of Clinical Microbiology & Infectious Diseases: Official Publication of the European Society of Clinical Microbiology",1435-4373,"Merck & Co., Inc",0,1,0,0,10.1007/s10096-010-1013-0,,2,1,1,,0,0,0,0,0,,0,0,0,0,1,non-comparative,aspergillosis,0,0,0,1,0,0,,caspofungin,,0,0,0,1,0,,,,,,,1,0,0,0,1,0,,,0,0,0,0,0,0,0,,2,,0,,2,,,,,,,,,,,,,,,,,,,,,,,,,,,,,,,,,,,,,,,,,4,,3,,"complete or partial response",3,0,0,1,0,3,,,,,,,1,5,,,0,0,1,0,,0,0,1,0,,0,1,0,,,,,0,0,0,0,0,,,,,,,1,0,0,0,0,0,0,,,0,0,1,0,,0,0,0,0,0,1,0,,,2,,,,,,,,,,,,,,,,,,,,,,,,,,,,,,,,,,,,,,,,,,,,,,,,,,,,,,,,,,,
53,control_arm,1,,,,,,,,,,,,,,,,,,,,,,,,,,,,,,,,,,,,,,,,,,,,,,,,,,,,,,,,,,,,,,,,,,,,,,,,,,,,,1,,1,0,0,0,1,0,0,0,,10,2,1,,1,0,2,0,0,0,0,0,1,intolerance,1,1,0,1,0,0,,0,0,0,1,"to place these results into context",1,"partially the same center '4/10)",2,,,,,,,,,,,,,,,,,,,,,,,,,,,,,,,,,,,,,,,,,,,,,,,,,,,,,,,,,,,,,,,,,,,,,,,,,,,,,,,,,,,,,,,,,,,,,,,,,,,,,,,,,,,,,,,,,,,,,,,,,,,,,,,,,,,,
53,results,1,,,,,,,,,,,,,,,,,,,,,,,,,,,,,,,,,,,,,,,,,,,,,,,,,,,,,,,,,,,,,,,,,,,,,,,,,,,,,,,,,,,,,,,,,,,,,,,,,,,,,,,,,,,,,,,,,,,,,,,,,,,,,,,,,,,,,,,,,,,,,,,,,,,,,,,,,,,,,,,,,,,,,,,,,,,,,,,,,,,,,,,,,,,,,,,,,,,,,,,,,83,214,1,0,0,0,0,0,0,,83,214,1,,,,,,0,0,0,0,1,0,,,,3,,3,,0,0,1,,,,1,1,1,,1,1,,,1,"Our logistic regression model did not control for all  possibly pertinent covariates",2
54,,,0,,"Therapeutic effects and mechanisms of Ku-Gan formula on atopic dermatitis: A pilot clinical study and modular pharmacology analysis with animal validation",2023,0,0,china,china,0,"Journal of Ethnopharmacology",1872-7573,,1,0,0,0,10.1016/j.jep.2023.116194,,2,,,,0,0,0,0,0,,0,0,0,1,0,,"atopic dermatis",0,0,0,1,0,0,,"Ku-Gan formula",,0,0,0,1,0,,,,,,1,1,0,0,0,1,0,,,0,0,0,0,0,0,0,,2,,0,,2,,,,,,,,,,,,,,,,,,,,,,,,,,,,,,,,,,,,,,,,,4,,,," change from baseline to the end of the 2 nd week in local EASI scores",,0,0,1,0,3,,,,,,,1,1,,2,0,0,1,0,,0,0,1,0,,0,0,0,,1:2,3,,0,0,0,1,0,,,3,,,,0,0,0,0,0,0,0,,,0,0,0,0,,0,0,0,0,0,0,0,,,2,,,,,,,,,,,,,,,,,,,,,,,,,,,,,,,,,,,,,,,,,,,,,,,,,,,,,,,,,,,
54,control_arm,1,,,,,,,,,,,,,,,,,,,,,,,,,,,,,,,,,,,,,,,,,,,,,,,,,,,,,,,,,,,,,,,,,,,,,,,,,,,,,1,0,1,0,1,0,0,0,0,0,,1,1,1,,1,1,1,0,0,0,0,0,0,,2,,0,1,0,0,,0,0,1,0,,0,,2,,,,,,,,,,,,,,,,,,,,,,,,,,,,,,,,,,,,,,,,,,,,,,,,,,,,,,,,,,,,,,,,,,,,,,,,,,,,,,,,,,,,,,,,,,,,,,,,,,,,,,,,,,,,,,,,,,,,,,,,,,,,,,,,,,,,
54,results,1,,,,,,,,,,,,,,,,,,,,,,,,,,,,,,,,,,,,,,,,,,,,,,,,,,,,,,,,,,,,,,,,,,,,,,,,,,,,,,,,,,,,,,,,,,,,,,,,,,,,,,,,,,,,,,,,,,,,,,,,,,,,,,,,,,,,,,,,,,,,,,,,,,,,,,,,,,,,,,,,,,,,,,,,,,,,,,,,,,,,,,,,,,,,,,,,"september 2021","march 2022","july 2020","july 2021",,,,,,11,22,1,0,0,0,1,0,0,,,,4,11,22,,,,0,0,0,0,0,0,,,,1,1,3,,0,0,1,,,,1,1,1,,1,1,,5,0,,2
55,,,0,,"Can daclizumab reduce acute rejection and improve long-term renal function in tacrolimus-based primary renal transplant recipients?",2008,0,0,"hong kong","hong kong",,"Nephrology (Carlton, Vic.)",1440-1797,,0,0,0,1,10.1111/j.1440-1797.2007.00911.x,,2,,,,0,0,0,0,0,,0,0,0,1,0,,"primary renal transplant recipients",0,0,0,1,0,0,,Daclizumab,,0,0,0,1,0,,,,,,,1,0,0,0,1,0,,,0,0,0,0,0,0,0,,3,,0,,2,,,,,,,,,,,,,,,,,,,,,,,,,,,,,,,,,,,,,,,,,4,,2,0,"incidence of acute rejection",,1,0,1,0,3,,,,,,,0,,,,0,0,0,0,,0,0,0,0,,0,0,0,,,,,0,0,0,0,0,,,,,,,0,0,0,0,0,0,0,,,0,0,0,0,,0,0,0,0,0,1,0,,,2,,,,,,,,,,,,,,,,,,,,,,,,,,,,,,,,,,,,,,,,,,,,,,,,,,,,,,,,,,,
55,control_arm,1,,,,,,,,,,,,,,,,,,,,,,,,,,,,,,,,,,,,,,,,,,,,,,,,,,,,,,,,,,,,,,,,,,,,,,,,,,,,,#,0,1,0,1,0,0,0,0,1,"cadaveric renal transplant recipients",1,1,1,,1,1,1,0,0,0,0,0,0,,2,,0,1,0,0,,0,0,1,0,,1,,2,,,,,,,,,,,,,,,,,,,,,,,,,,,,,,,,,,,,,,,,,,,,,,,,,,,,,,,,,,,,,,,,,,,,,,,,,,,,,,,,,,,,,,,,,,,,,,,,,,,,,,,,,,,,,,,,,,,,,,,,,,,,,,,,,,,,
55,results,1,,,,,,,,,,,,,,,,,,,,,,,,,,,,,,,,,,,,,,,,,,,,,,,,,,,,,,,,,,,,,,,,,,,,,,,,,,,,,,,,,,,,,,,,,,,,,,,,,,,,,,,,,,,,,,,,,,,,,,,,,,,,,,,,,,,,,,,,,,,,,,,,,,,,,,,,,,,,,,,,,,,,,,,,,,,,,,,,,,,,,,,,,,,,,,,,"1 January 2001",,"1 June 1998","31 December 2000",,56,85,1,,36,21,1,0,0,0,1,0,0,,36,21,,,,,,,0,0,0,0,0,0,,,,,,,,0,0,0,,,,,2,,,2,,,,0,"uniquement small sample",2
56,,,0,,"The Effect of Supplementary Omegaven® on the Clinical Outcome of Patients With Advanced Esophagogastric Adenocarcinoma Receiving Palliative Epirubicin, Oxaliplatin, and Capecitabine Chemotherapy: A Phase II clinical trial",2019,0,0,UK,UK,1,"Anticancer Research",1791-7530,,0,0,0,1,10.21873/anticanres.13185,,2,,,,0,0,0,0,0,,0,1,0,0,1,pilot/feasibility,"Advanced Esophagogastric Adenocarcinoma",0,0,0,1,0,0,,Omegaven,,0,0,0,1,0,,,,,,1,1,0,0,0,1,0,,,0,0,0,0,0,0,0,,3,,0,,2,,,,,,,,,,,,,,,,,,,,,,,,,,,,,,,,,,,,,,,,,4,,3,,"radiological response",,1,0,1,0,4,"pragmatic grounds",,,,,,0,,,,0,0,0,0,,0,0,0,0,,0,0,0,,,,,0,0,0,0,0,,,,,,,0,0,0,0,0,0,0,,,0,0,0,0,,0,0,0,0,0,1,0,,,2,,,,,,,,,,,,,,,,,,,,,,,,,,,,,,,,,,,,,,,,,,,,,,,,,,,,,,,,,,,
56,control_arm,1,,,,,,,,,,,,,,,,,,,,,,,,,,,,,,,,,,,,,,,,,,,,,,,,,,,,,,,,,,,,,,,,,,,,,,,,,,,,,,,1,0,0,0,0,0,0,1,"oncology database and case notes",,3,1,,1,1,1,0,0,0,0,0,0,,2,,0,1,0,0,,0,0,1,0,,1,,2,,,,,,,,,,,,,,,,,,,,,,,,,,,,,,,,,,,,,,,,,,,,,,,,,,,,,,,,,,,,,,,,,,,,,,,,,,,,,,,,,,,,,,,,,,,,,,,,,,,,,,,,,,,,,,,,,,,,,,,,,,,,,,,,,,,,
56,results,1,,,,,,,,,,,,,,,,,,,,,,,,,,,,,,,,,,,,,,,,,,,,,,,,,,,,,,,,,,,,,,,,,,,,,,,,,,,,,,,,,,,,,,,,,,,,,,,,,,,,,,,,,,,,,,,,,,,,,,,,,,,,,,,,,,,,,,,,,,,,,,,,,,,,,,,,,,,,,,,,,,,,,,,,,,,,,,,,,,,,,,,,,,,,,,,,05/01/2012,07/31/2013,"january 2010","december 2011",,,,,,56,60,0,0,0,0,0,0,0,,21,37,,,,,,,0,0,0,0,0,0,,,,,,,,0,0,0,,,,,3,,,1,3,,,0,"uniquement small sample",2
57,,,0,,"Evidence that treatment with vaccinia melanoma cell lysates (VMCL) may improve survival of patients with stage II melanoma. Treatment of stage II melanoma with viral lysates",1987,0,0,australia,australia,0,"Cancer immunology, immunotherapy: CII",0340-7004,NR,0,1,0,0,10.1007/BF00199156,"Sydney Jones Memorial Trust Fund",2,2,,,0,0,0,0,0,,0,0,0,1,0,,melanoma,0,0,0,1,0,0,,"vaccinia melanoma cell lysates",,0,0,0,1,0,,,,,,1,3,0,0,0,0,0,,,0,0,0,0,0,0,0,,3,,0,,2,,,,,,,,,,,,,,,,,,,,,,,,,,,,,,,,,,,,,,,,,4,,,,"overall survival",,1,0,0,0,3,,,,,,,1,5,,,1,0,0,0,,0,0,1,0,,0,1,0,,,,,0,0,0,0,0,,,,,,,0,0,0,0,0,1,0,,,0,0,1,0,,0,0,0,0,0,1,0,,,2,,,,,,,,,,,,,,,,,,,,,,,,,,,,,,,,,,,,,,,,,,,,,,,,,,,,,,,,,,,
57,control_arm,1,,,,,,,,,,,,,,,,,,,,,,,,,,,,,,,,,,,,,,,,,,,,,,,,,,,,,,,,,,,,,,,,,,,,,,,,,,,,,2,,2,0,0,0,0,0,0,0,,1,1,1,,1,0,5,0,0,0,0,0,0,,2,,0,1,0,0,,0,0,1,0,,0,,2,,,,,,,,,,,,,,,,,,,,,,,,,,,,,,,,,,,,,,,,,,,,,,,,,,,,,,,,,,,,,,,,,,,,,,,,,,,,,,,,,,,,,,,,,,,,,,,,,,,,,,,,,,,,,,,,,,,,,,,,,,,,,,,,,,,,
57,results,1,,,,,,,,,,,,,,,,,,,,,,,,,,,,,,,,,,,,,,,,,,,,,,,,,,,,,,,,,,,,,,,,,,,,,,,,,,,,,,,,,,,,,,,,,,,,,,,,,,,,,,,,,,,,,,,,,,,,,,,,,,,,,,,,,,,,,,,,,,,,,,,,,,,,,,,,,,,,,,,,,,,,,,,,,,,,,,,,,,,,,,,,,,,,,,,,,,"september 1978","december 1981",,,,,,80,151,1,0,0,0,0,0,0,,53,72,2,,,,,,0,0,0,0,1,0,,,,3,,3,,0,0,1,,,,0,3,,,1,1,,,0,,2
58,,,0,,"Active immunotherapy with viral lysates of micrometastases following surgical removal of high risk melanoma",1992,,,Australia,Australia,,"World Journal of Surgery",0364-2313,,0,0,0,0,10.1007/BF02071529,"Aexclure car pas medicament",1,,,,0,0,0,0,0,,0,0,0,0,0,,melanoma,0,0,0,0,0,0,,"viral lysates of micrometastases",,0,0,0,0,0,,,,,,,,0,0,0,0,0,,,0,0,0,0,0,0,0,,,,,,0,,,,,,,,,,,,,,,,,,,,,,,,,,,,,,,,,,,,,,,,,,,,,,,0,0,0,0,,,,,,,,,,,,0,0,0,0,,0,0,0,0,,0,0,0,,,,,0,0,0,0,0,,,,,,,0,0,0,0,0,0,0,,,0,0,0,0,,0,0,0,0,0,0,0,,,0,,,,,,,,,,,,,,,,,,,,,,,,,,,,,,,,,,,,,,,,,,,,,,,,,,,,,,,,,,,
59,,,0,,"Phase III trial of 8% vaginal progesterone gel for luteal phase support in Japanese women undergoing in vitro fertilization and fresh embryo transfer cycles",2017,1,0,japan,japan,1,"Reproductive Medicine and Biology",1445-5781,"Merck KGaA, Darmstadt, Germany",0,1,0,0,10.1002/rmb2.12009,,2,,,,0,0,0,0,0,,0,0,1,0,0,,"in vitro fertilization",0,0,0,1,0,0,,"vaginal progesterone",,1,0,0,0,0,,NCT01863680,,,,10,1,0,0,0,1,0,,,0,0,0,0,0,0,0,,3,,0,,2,,,,,,,,,,,,,,,,,,,,,,,,,,,,,,,,,,,,,,,,,4,,2,0,"clinical pregnancy rate",,0,0,1,0,1,,0.05,0.80,117,,0,0,,,,0,0,0,0,,0,0,0,0,,0,0,0,,,,,0,0,0,0,0,,,,,,,0,0,0,0,0,0,0,,,0,0,0,0,,0,0,0,0,0,1,0,,,2,,,,,,,,,,,,,,,,,,,,,,,,,,,,,,,,,,,,,,,,,,,,,,,,,,,,,,,,,,,
59,control_arm,1,,,,,,,,,,,,,,,,,,,,,,,,,,,,,,,,,,,,,,,,,,,,,,,,,,,,,,,,,,,,,,,,,,,,,,,,,,,,,,,1,1,0,0,0,0,0,0,,,3,1,,1,,1,0,0,0,0,0,0,,2,,0,1,0,0,,0,0,1,0,,1,,2,,,,,,,,,,,,,,,,,,,,,,,,,,,,,,,,,,,,,,,,,,,,,,,,,,,,,,,,,,,,,,,,,,,,,,,,,,,,,,,,,,,,,,,,,,,,,,,,,,,,,,,,,,,,,,,,,,,,,,,,,,,,,,,,,,,,
59,results,1,,,,,,,,,,,,,,,,,,,,,,,,,,,,,,,,,,,,,,,,,,,,,,,,,,,,,,,,,,,,,,,,,,,,,,,,,,,,,,,,,,,,,,,,,,,,,,,,,,,,,,,,,,,,,,,,,,,,,,,,,,,,,,,,,,,,,,,,,,,,,,,,,,,,,,,,,,,,,,,,,,,,,,,,,,,,,,,,,,,,,,,,,,,,,,,,"July 2013","October 2014",,,,,,,,178,,0,0,0,0,0,0,1,"The baseline demographics and patient characteristics were not available for the historical control data.",123,,,,,,,,0,0,0,0,0,0,,,,,,,,0,0,0,,,,,3,,,1,1,4,,0,"discussion not reflect any recent changes in clinical care and open-label ",2
60,,,0,,"C1 Inhibitor in Acute Antibody-Mediated Rejection Nonresponsive to Conventional Therapy in Kidney Transplant Recipients: A Pilot Study",2016,0,0,france,france,0,"American Journal of Transplantation: Official Journal of the American Society of Transplantation and the American Society of Transplant Surgeons",1600-6143,,0,0,0,1,10.1111/ajt.13663,,2,,,,0,0,0,0,0,,0,0,0,0,1,pilot,"Kidney Transplant Recipients",0,0,0,0,0,0,"C1 Inhibitor",,,0,0,0,1,0,,,,,,1,1,0,0,0,1,0,,,0,0,0,0,0,0,0,,3,,0,,2,,,,,,,,,,,,,,,,,,,,,,,,,,,,,,,,,,,,,,,,,4,,2,0,"change in eGFR at 6 months after inclusion",,0,0,1,0,3,,,,,,,0,,,,0,0,0,0,,0,0,0,0,,0,0,0,,,,,0,0,0,0,0,,,,,,,0,0,0,0,0,0,0,,,0,0,0,0,,0,0,0,0,0,1,0,,,2,,,,,,,,,,,,,,,,,,,,,,,,,,,,,,,,,,,,,,,,,,,,,,,,,,,,,,,,,,,
60,control_arm,1,,,,,,,,,,,,,,,,,,,,,,,,,,,,,,,,,,,,,,,,,,,,,,,,,,,,,,,,,,,,,,,,,,,,,,,,,,,,,1,0,1,0,0,0,0,0,0,1,"database, Données Informatiques Validées en Transplantation ",,3,1,,1,1,1,0,0,0,0,0,0,,2,,0,1,0,0,,0,0,1,0,,1,,2,,,,,,,,,,,,,,,,,,,,,,,,,,,,,,,,,,,,,,,,,,,,,,,,,,,,,,,,,,,,,,,,,,,,,,,,,,,,,,,,,,,,,,,,,,,,,,,,,,,,,,,,,,,,,,,,,,,,,,,,,,,,,,,,,,,,
60,results,1,,,,,,,,,,,,,,,,,,,,,,,,,,,,,,,,,,,,,,,,,,,,,,,,,,,,,,,,,,,,,,,,,,,,,,,,,,,,,,,,,,,,,,,,,,,,,,,,,,,,,,,,,,,,,,,,,,,,,,,,,,,,,,,,,,,,,,,,,,,,,,,,,,,,,,,,,,,,,,,,,,,,,,,,,,,,,,,,,,,,,,,,,,,,,,,,"April 2013 ","July 2014","January 1, 2008","March 31, 2013",,,,,,6,21,1,0,0,0,1,0,0,,6,21,,,,,,,0,0,0,0,0,0,,,,,,,,0,0,0,,,,,3,,,1,1,4,,0,"juste dit ""In the absence of treatment randomization, this small study cannot provide a conclusion regarding the efficacy of C1-INH in the treatment of ABMR""  comparaison aux controles (""secondary analysis"") uniquement en supplements ",2
61,,,0,,"Treatment with lenalidomide does not appear to increase the risk of progression in lower risk myelodysplastic syndromes with 5q deletion. A comparative analysis by the Groupe Francophone des Myelodysplasies",2012,0,0,france,france,,Haematologica,1592-8721,,0,0,0,0,10.3324/haematol.2011.045914,,2,,,,0,0,0,0,0,,0,0,0,1,0,,SMD,0,0,0,1,0,0,,lenalidomide,,0,0,0,1,0,,,,,,,1,0,0,0,1,0,,,0,0,0,0,0,0,0,,3,,0,,2,,,,,,,,,,,,,,,,,,,,,,,,,,,,,,,,,,,,,,,,,4,,2,0,"cumulative incidence of AML and overall survival",,1,0,0,0,3,,,,,,,1,1,,7,1,0,0,0,,0,0,1,0,,0,1,0,,1:1,3,,1,0,0,0,0,,0.2,3,,,,1,0,0,0,1,0,0,,,0,0,1,0,,0,0,0,1,0,0,0,,,2,,,,,,,,,,,,,,,,,,,,,,,,,,,,,,,,,,,,,,,,,,,,,,,,,,,,,,,,,,,
61,control_arm,1,,,,,,,,,,,,,,,,,,,,,,,,,,,,,,,,,,,,,,,,,,,,,,,,,,,,,,,,,,,,,,,,,,,,,,,,,,,,,,,2,1,1,0,0,0,0,1,RCT,,1,1,,1,0,1,0,0,0,0,0,0,,2,,0,0,0,0,,0,0,1,0,,0,,2,,,,,,,,,,,,,,,,,,,,,,,,,,,,,,,,,,,,,,,,,,,,,,,,,,,,,,,,,,,,,,,,,,,,,,,,,,,,,,,,,,,,,,,,,,,,,,,,,,,,,,,,,,,,,,,,,,,,,,,,,,,,,,,,,,,,
61,results,1,,,,,,,,,,,,,,,,,,,,,,,,,,,,,,,,,,,,,,,,,,,,,,,,,,,,,,,,,,,,,,,,,,,,,,,,,,,,,,,,,,,,,,,,,,,,,,,,,,,,,,,,,,,,,,,,,,,,,,,,,,,,,,,,,,,,,,,,,,,,,,,,,,,,,,,,,,,,,,,,,,,,,,,,,,,,,,,,,,,,,,,,,,,,,,,,"january 2007","september 2007",,,,,78,,,95,99,1,0,0,0,1,0,0,,,,3,71,71,,,,0,0,0,0,0,0,,,,3,,3,,0,0,1,,,,1,2,,,2,,,,0,"uniquement survival bias",2
62,,,0,,"Stimulation of adrenergic activity by desipramine enhances hematopoietic stem and progenitor cell mobilization along with G-CSF in multiple myeloma: A pilot study",2017,0,0,usa,usa,,"American Journal of Hematology",1096-8652,"Albert Einstein College of Medicine",0,0,0,1,10.1002/ajh.24843,,2,,,,0,0,0,0,0,,0,0,0,0,1,pilot,"multiple myeloma",0,0,0,1,0,0,,"desipramine ",,1,0,0,0,0,,NCT01899326,,,,1,1,0,0,0,1,0,,,0,0,0,0,0,0,0,,3,,0,,2,,,,,,,,,,,,,,,,,,,,,,,,,,,,,,,,,,,,,,,,,4,,2,0," safety and efficacy of stem cell mobilization",,0,0,0,0,1,,0.05,,0.85,20,1,0,,,,0,0,0,0,,0,0,0,0,,0,0,0,,,,,0,0,0,0,0,,,,,,,0,0,0,0,0,0,0,,,0,0,0,0,,0,0,0,0,0,1,0,,,2,,,,,,,,,,,,,,,,,,,,,,,,,,,,,,,,,,,,,,,,,,,,,,,,,,,,,,,,,,,
62,control_arm,1,,,,,,,,,,,,,,,,,,,,,,,,,,,,,,,,,,,,,,,,,,,,,,,,,,,,,,,,,,,,,,,,,,,,,,,,,,,,,1,0,1,0,1,0,0,0,0,0,,,1,1,,1,1,1,0,0,0,0,0,0,,1,,0,0,0,1,"pertinent data",0,0,1,0,,1,,0,,,,,,,,,,,,,,,,,,,,,,,,,,,,,,,,,,,,,,,,,,,,,,,,,,,,,,,,,,,,,,,,,,,,,,,,,,,,,,,,,,,,,,,,,,,,,,,,,,,,,,,,,,,,,,,,,,,,,,,,,,,,,,,,,,,,
62,results,1,,,,,,,,,,,,,,,,,,,,,,,,,,,,,,,,,,,,,,,,,,,,,,,,,,,,,,,,,,,,,,,,,,,,,,,,,,,,,,,,,,,,,,,,,,,,,,,,,,,,,,,,,,,,,,,,,,,,,,,,,,,,,,,,,,,,,,,,,,,,,,,,,,,,,,,,,,,,,,,,,,,,,,,,,,,,,,,,,,,,,,,,,,,,,,,,"September 2013","July 2014",1/2011,1/2012,,,,,,6,13,1,0,0,0,1,0,0,,6,13,,,,,,,0,0,0,0,0,0,,,,,,,,0,0,0,,,,,2,,,1,1,2,,0,,2
63,,,0,,"Phase 2 Trial of Veliparib, Local Irradiation and Temozolomide in Patients with Newly Diagnosed High-Grade Glioma: A Children's Oncology Group Study",2024,0,0,usa,usa,1,Neuro-Oncology,1523-5866,"Children's Oncology Group",0,0,0,1,10.1093/neuonc/noae247,,1,2,,,0,0,0,0,0,,0,1,0,0,0,,"High-Grade Glioma",0,1,0,0,0,0,,"Veliparib, Local Irradiation and Temozolomide",,0,0,0,1,0,,,,,,multicenter,1,0,0,0,1,0,,,0,0,0,0,0,0,0,,,,,"A exclure car sujets controles issus RCT",0,,,,,,,,,,,,,,,,,,,,,,,,,,,,,,,,,,,,,,,,,,,,,,,0,0,0,0,,,,,,,,,,,,0,0,0,0,,0,0,0,0,,0,0,0,,,,,0,0,0,0,0,,,,,,,0,0,0,0,0,0,0,,,0,0,0,0,,0,0,0,0,0,0,0,,,0,,,,,,,,,,,,,,,,,,,,,,,,,,,,,,,,,,,,,,,,,,,,,,,,,,,,,,,,,,,
63,control_arm,1,,,,,,,,,,,,,,,,,,,,,,,,,,,,,,,,,,,,,,,,,,,,,,,,,,,,,,,,,,,,,,,,,,,,,,,,,,,,,2,1,,0,0,0,0,0,0,0,,,,,,,,,0,0,0,0,0,0,,,,0,0,0,0,,0,0,0,0,,,,0,,,,,,,,,,,,,,,,,,,,,,,,,,,,,,,,,,,,,,,,,,,,,,,,,,,,,,,,,,,,,,,,,,,,,,,,,,,,,,,,,,,,,,,,,,,,,,,,,,,,,,,,,,,,,,,,,,,,,,,,,,,,,,,,,,,,
64,,,0,,"Efficacy and tolerability of bevacizumab in patients with severe Covid-19",2021,0,0,china,china,0,"Nature Communications",2041-1723,"Qilu Hospital of Shandong University",0,0,0,1,10.1038/s41467-021-21085-8,,2,,,,0,0,0,0,0,,0,0,0,0,1,pilot,"COVID-19 Pneumonia",0,0,0,1,0,0,,Bevacizumab,,1,0,0,0,0,,NCT04275414,,,,,1,0,0,0,1,0,,,0,0,0,0,0,0,0,,3,,0,,2,,,,,,,,,,,,,,,,,,,,,,,,,,,,,,,,,,,,,,,,,4,,2,0,"PaO2/FiO2 values on days 1 and 7",,0,0,0,1,4,"reported 'no sample size computation'",,,,,,0,,,,0,0,0,0,,0,0,0,0,,0,0,0,,,,,0,0,0,0,0,,,,,,,0,0,0,0,0,0,0,,,0,0,0,0,,0,0,0,0,0,1,0,,,2,,,,,,,,,,,,,,,,,,,,,,,,,,,,,,,,,,,,,,,,,,,,,,,,,,,,,,,,,,,
64,control_arm,1,,,,,,,,,,,,,,,,,,,,,,,,,,,,,,,,,,,,,,,,,,,,,,,,,,,,,,,,,,,,,,,,,,,,,,,,,,,,,1,,2,0,1,0,0,0,0,1,"retrospective screening in China and in Italy",,2,1,,1,1,1,0,0,0,0,0,0,,2,,0,0,0,1,"external comparison cohort or control group",0,0,1,0,,1,,2,,,,,,,,,,,,,,,,,,,,,,,,,,,,,,,,,,,,,,,,,,,,,,,,,,,,,,,,,,,,,,,,,,,,,,,,,,,,,,,,,,,,,,,,,,,,,,,,,,,,,,,,,,,,,,,,,,,,,,,,,,,,,,,,,,,,
64,results,1,,,,,,,,,,,,,,,,,,,,,,,,,,,,,,,,,,,,,,,,,,,,,,,,,,,,,,,,,,,,,,,,,,,,,,,,,,,,,,,,,,,,,,,,,,,,,,,,,,,,,,,,,,,,,,,,,,,,,,,,,,,,,,,,,,,,,,,,,,,,,,,,,,,,,,,,,,,,,,,,,,,,,,,,,,,,,,,,,,,,,,,,,,,,,,,,,,,,,,,,,26+12,26+14,1,0,0,0,1,0,0,,26+12,26+14,,,,,,,0,0,0,0,0,0,,,,,,,,0,0,0,,,,,1,1,4,1,1,1,,0,,2
65,,,0,,"Treatment with recombinant human granulocyte colony-stimulating factor after chemotherapy for acute myeloid leukemia",1996,0,0,japan,japan,0,"Current Therapeutic Research",0011393X,,0,0,0,1,10.1016/S0011-393X(96)80034-8,,2,2,,,0,0,0,0,0,,0,0,0,1,1,"uncontrolled, nonrandomized","acute myeloid leukemia",0,0,0,1,0,0,,"new formulation of lenograstim",,0,0,0,1,0,,,,,,1,1,0,0,0,1,0,,,0,0,0,0,0,0,0,,3,,0,,2,,,,,,,,,,,,,,,,,,,,,,,,,,,,,,,,,,,,,,,,,4,,2,0,,,0,0,1,0,3,,,,,,,0,,,,0,0,0,0,,0,0,0,0,,0,0,0,,,,,0,0,0,0,0,,,,,,,0,0,0,0,0,0,0,,,0,0,0,0,,0,0,0,0,0,1,0,,,2,,,,,,,,,,,,,,,,,,,,,,,,,,,,,,,,,,,,,,,,,,,,,,,,,,,,,,,,,,,
65,control_arm,1,,,,,,,,,,,,,,,,,,,,,,,,,,,,,,,,,,,,,,,,,,,,,,,,,,,,,,,,,,,,,,,,,,,,,,,,,,,,,1,,1,0,1,0,0,0,0,0,,1,1,1,,1,0,1,0,0,0,0,0,0,,2,,0,1,0,0,,0,0,1,0,,0,,2,,,,,,,,,,,,,,,,,,,,,,,,,,,,,,,,,,,,,,,,,,,,,,,,,,,,,,,,,,,,,,,,,,,,,,,,,,,,,,,,,,,,,,,,,,,,,,,,,,,,,,,,,,,,,,,,,,,,,,,,,,,,,,,,,,,,
65,results,1,,,,,,,,,,,,,,,,,,,,,,,,,,,,,,,,,,,,,,,,,,,,,,,,,,,,,,,,,,,,,,,,,,,,,,,,,,,,,,,,,,,,,,,,,,,,,,,,,,,,,,,,,,,,,,,,,,,,,,,,,,,,,,,,,,,,,,,,,,,,,,,,,,,,,,,,,,,,,,,,,,,,,,,,,,,,,,,,,,,,,,,,,,,,,,,,"January 1993","december 1993","January 1991","december 1991",,,,,,26,30,0,0,0,0,0,1,0,,26,30,,,,,,,0,0,0,0,0,0,,,,,,,,0,0,0,,,,,3,,,1,,3,,0,,2
66,,,0,,"Evaluation of the Prognostic Impact of SP263-Evaluated PD-L1 Expression in Patients with Stage III Non-Small Cell Lung Cancer (NSLC) Treated with  Radio-Chemotherapy.",2024,,,,,,Biomedicines,2227-9059,,0,0,0,0,10.3390/biomedicines12030688,"Non medicament : A exclure",1,,,,0,0,0,0,0,,0,0,0,0,0,,,0,0,0,0,0,0,,,,0,0,0,0,0,,,,,,,,0,0,0,0,0,,,0,0,0,0,0,0,0,,,,,,0,,,,,,,,,,,,,,,,,,,,,,,,,,,,,,,,,,,,,,,,,,,,,,,0,0,0,0,,,,,,,,,,,,0,0,0,0,,0,0,0,0,,0,0,0,,,,,0,0,0,0,0,,,,,,,0,0,0,0,0,0,0,,,0,0,0,0,,0,0,0,0,0,0,0,,,0,,,,,,,,,,,,,,,,,,,,,,,,,,,,,,,,,,,,,,,,,,,,,,,,,,,,,,,,,,,
67,,,0,,"Comparative effectiveness of ciltacabtagene autoleucel in CARTITUDE-1 versus physician's choice of therapy in the Flatiron Health multiple myeloma cohort  registry for the treatment of patients with relapsed or refractory multiple  myeloma.",2022,1,0,usa,usa,1,EJHaem,2688-6146,"Janssen Research & Development, LLC",0,1,0,0,10.1002/jha2.312,,2,,,,0,0,0,0,0,,1,1,0,0,1,1b/2,"multiple myeloma",0,0,0,1,0,0,,"Ciltacabtagene autoleucel (cilta-cel)",,1,0,0,0,0,,NCT03548207,,,,multiple,1,0,0,0,0,1,"need for indirect evidence on the relative effectiveness of ciltacel versus treatments used in current clinical practice",,0,0,0,0,0,0,0,,2,,0,,2,,,,,,,,,,,,,,,,,,,,,,,,,,,,,,,,,,,,,,,,,2,,2,0,PFS,,1,0,0,0,3,,,,,,,1,2,,7,1,0,0,0,,1,0,0,0,,0,1,0,,,,,0,0,0,0,0,,,,2,,,0,1,0,0,0,0,0,,0.10,0,0,1,0,,1,1,0,0,0,0,1,"including all enrolled (not only treated) patients, regression, cca",,2,,,,,,,,,,,,,,,,,,,,,,,,,,,,,,,,,,,,,,,,,,,,,,,,,,,,,,,,,,,
67,control_arm,1,,,,,,,,,,,,,,,,,,,,,,,,,,,,,,,,,,,,,,,,,,,,,,,,,,,,,,,,,,,,,,,,,,,,,,,,,,,,,1,0,1,0,0,1,0,0,0,0,,280,3,1,,2,1,1,0,0,0,0,0,0,,2,,1,0,0,0,,0,0,0,1,"need for indirect evidence on the relative effectiveness of ciltacel versus treatments used in current clinical practice",0,,2,,,,,,,,,,,,,,,,,,,,,,,,,,,,,,,,,,,,,,,,,,,,,,,,,,,,,,,,,,,,,,,,,,,,,,,,,,,,,,,,,,,,,,,,,,,,,,,,,,,,,,,,,,,,,,,,,,,,,,,,,,,,,,,,,,,,
67,results,1,,,,,,,,,,,,,,,,,,,,,,,,,,,,,,,,,,,,,,,,,,,,,,,,,,,,,,,,,,,,,,,,,,,,,,,,,,,,,,,,,,,,,,,,,,,,,,,,,,,,,,,,,,,,,,,,,,,,,,,,,,,,,,,,,,,,,,,,,,,,,,,,,,,,,,,,,,,,,,,,,,,,,,,,,,,,,,,,,,,,,,,,,,,,,,,,"July 2018","October 2019","February 2016","December 2019",,,,,,97,"196 (336 LOT)",1,1,0,0,0,0,0,,,,1,,,97,80,,0,0,0,0,1,0,,4,,2,,3,,0,1,0,3,,,1,1,1,1,1,1,1,1,1,"it is most likely that the patients in the RW cohort had less extramedullary disease given that they were not as heavily pre‐treated as the CARTITUDE‐1 patients, which is a potential bias against CARTITUDE‐1.",2
68,,,0,,"Elranatamab efficacy in MagnetisMM-3 compared with real-world control arms in triple-class refractory multiple myeloma.",2024,1,1,usa,uk,1,"Future oncology (London, England)","1744-8301 1479-6694",Pfizer,0,1,0,0,10.2217/fon-2023-0995,,2,2,,,0,0,0,0,0,,0,1,0,0,0,,"multiple myeloma",0,0,0,1,0,0,,Elranatamab,,1,0,0,0,0,,NCT04649359,,,,multiple,1,0,0,0,1,0,,,0,0,0,0,0,0,0,,2,,0,"selection cohort A de l'essai",2,,,,,,,,,,,,,,,,,,,,,,,,,,,,,,,,,,,,,,,,,4,,2,0,ORR,,1,0,0,0,3,,,,,,,1,2,,8+11,1,0,0,0,,1,1,0,0,,0,0,1,"unavailability in RWD",,,,0,0,0,0,0,,,,1,,1,0,1,0,0,0,0,0,,0.20,0,0,1,0,,1,0,0,0,0,0,0,,"robust estimator, PS-matching",2,,,,,,,,,,,,,,,,,,,,,,,,,,,,,,,,,,,,,,,,,,,,,,,,,,,,,,,,,,,
68,control_arm,1,,,,,,,,,,,,,,,,,,,,,,,,,,,,,,,,,,,,,,,,,,,,,,,,,,,,,,,,,,,,,,,,,,,,,,,,,,,,,2,0,2,0,0,1,0,0,0,0,,200,3,1,,1,1,1,0,0,0,0,0,0,,1,1,1,0,0,0,,0,0,0,1,"contextualize the clinical efficacy of elranatamab with what is currently available and used in routine clinical practice.",0,,2,,,,,,,,,,,,,,,,,,,,,,,,,,,,,,,,,,,,,,,,,,,,,,,,,,,,,,,,,,,,,,,,,,,,,,,,,,,,,,,,,,,,,,,,,,,,,,,,,,,,,,,,,,,,,,,,,,,,,,,,,,,,,,,,,,,,
68,results,1,,,,,,,,,,,,,,,,,,,,,,,,,,,,,,,,,,,,,,,,,,,,,,,,,,,,,,,,,,,,,,,,,,,,,,,,,,,,,,,,,,,,,,,,,,,,,,,,,,,,,,,,,,,,,,,,,,,,,,,,,,,,,,,,,,,,,,,,,,,,,,,,,,,,,,,,,,,,,,,,,,,,,,,,,,,,,,,,,,,,,,,,,,,,,,1,1,"2 february 2021",,"November 2015","June 2022/August 2021",,,,,,123,239/152,1,1,0,0,0,0,0,,,,1,,,,,,0,0,0,0,1,0,,4,,1,1,3,,1,0,0,3,,,1,2,,,1,1,1,,1,"temporal bias, mais ""presence of such an unmeasured confounder is extremely unlikely""",2
69,,,0,,"Real-world survival outcomes of heavily pretreated patients with refractory HR+, HER2-metastatic breast cancer receiving single-agent chemotherapy-a comparison  with MONARCH 1.",2020,1,0,usa,usa,1,"Breast cancer research and treatment","1573-7217 0167-6806","Eli Lilly and Company",0,1,0,0,10.1007/s10549-020-05838-5,,2,2,,,0,0,0,0,0,,0,1,0,0,0,,"metastatic breast cancer",0,0,0,1,0,0,,Abemaciclib,,1,0,0,0,0,,NCT02102490,,,,,1,0,0,0,1,0,,,0,0,0,0,0,0,0,,2,,0,,2,,,,,,,,,,,,,,,,,,,,,,,,,,,,,,,,,,,,,,,,,4,,1,,"overall survival",,1,0,0,0,3,,,,,,,1,1,,6,0,0,1,0,,0,0,1,0,,0,1,0,,,2,,0,0,0,1,0,,,3,,,,1,0,0,0,1,0,0,,,0,0,1,0,,1,0,0,0,0,0,1,"subset analyses","entropy balancing",2,,,,,,,,,,,,,,,,,,,,,,,,,,,,,,,,,,,,,,,,,,,,,,,,,,,,,,,,,,,
69,control_arm,1,,,,,,,,,,,,,,,,,,,,,,,,,,,,,,,,,,,,,,,,,,,,,,,,,,,,,,,,,,,,,,,,,,,,,,,,,,,,,1,0,1,0,0,1,0,0,0,0,,180,3,1,,1,1,1,0,0,0,0,0,0,,1,1,1,0,0,0,,0,0,0,1,"real-world data (RWD) allow for selection of a more contemporaneous cohort of patients who match relevant trial criteria and patient-level data, and allow for matching between real-world and trial cohorts to balance patient characteristics",1,,2,,,,,,,,,,,,,,,,,,,,,,,,,,,,,,,,,,,,,,,,,,,,,,,,,,,,,,,,,,,,,,,,,,,,,,,,,,,,,,,,,,,,,,,,,,,,,,,,,,,,,,,,,,,,,,,,,,,,,,,,,,,,,,,,,,,,
69,results,1,,,,,,,,,,,,,,,,,,,,,,,,,,,,,,,,,,,,,,,,,,,,,,,,,,,,,,,,,,,,,,,,,,,,,,,,,,,,,,,,,,,,,,,,,,,,,,,,,,,,,,,,,,,,,,,,,,,,,,,,,,,,,,,,,,,,,,,,,,,,,,,,,,,,,,,,,,,,,,,,,,,,,,,,,,,,,,,,,,,,,,,,,,,,,,1,2,,,"01 January, 2011","28 february, 2018",,,,1,,132,281,1,0,0,0,1,0,0,,,,1,108,108,,,,0,1,0,0,0,0,,,,1,1,3,,1,0,0,,,,1,3,,,1,1,,,1,"selection bias",2
